[{"__type__":"cc.SpriteFrame","content":{"name":"target","texture":"67vrgqf+RBho46JMb/gmuD","rect":[0,0,100,102],"offset":[0,0],"originalSize":[100,102],"capInsets":[0,0,0,0]}},[{"__type__":"cc.Prefab","_name":"target","data":{"__id__":1}},{"__type__":"cc.Node","_name":"target","_components":[{"__type__":"cc.Sprite","node":{"__id__":1},"_materials":[{"__uuid__":"ecpdLyjvZBwrvm+cedCcQy"}],"_spriteFrame":{"__uuid__":"f0zY/8JtNN1bodUg56pn+b"}},{"__type__":"dd98dJBJRlHoIaNxxkryLBz","node":{"__id__":1}}],"_prefab":{"__type__":"cc.PrefabInfo","root":{"__id__":1},"asset":{"__uuid__":"f9pZMnDuxPmqqp2Nd0ZzIO"},"fileId":"8cPs5UBfpAf6XzXUiy8k0N"},"_contentSize":{"__type__":"cc.Size","width":100,"height":102},"_trs":{"__type__":"TypedArray","ctor":"Float64Array","array":[-355.36,464.26,0,0,0,0,1,1,1,1]}}]]