[[{"__type__":"cc.Prefab","_name":"wall","data":{"__id__":1}},{"__type__":"cc.Node","_name":"wall","_components":[{"__type__":"cc.Sprite","node":{"__id__":1},"_materials":[{"__uuid__":"ecpdLyjvZBwrvm+cedCcQy"}],"_spriteFrame":{"__uuid__":"a2MjXRFdtLlYQ5ouAFv/+R"},"_sizeMode":0}],"_prefab":{"__type__":"cc.PrefabInfo","root":{"__id__":1},"asset":{"__uuid__":"42Xr3CmipOvbAGmKVkxYaM"},"fileId":"af64Gn8LtNhaOdNn7oMnSt"},"_color":{"__type__":"cc.Color","r":12,"g":12,"b":12},"_contentSize":{"__type__":"cc.Size","width":925,"height":10},"_trs":{"__type__":"TypedArray","ctor":"Float64Array","array":[23.898,534.221,0,0,0,0,1,1,1,1]},"_groupIndex":1,"groupIndex":1}],[{"__type__":"cc.Prefab","_name":"wall","data":{"__id__":1}},{"__type__":"cc.Node","_name":"wall","_components":[{"__type__":"cc.Sprite","node":{"__id__":1},"_materials":[{"__uuid__":"ecpdLyjvZBwrvm+cedCcQy"}],"_spriteFrame":{"__uuid__":"a2MjXRFdtLlYQ5ouAFv/+R"},"_sizeMode":0}],"_prefab":{"__type__":"cc.PrefabInfo","root":{"__id__":1},"asset":{"__uuid__":"42Xr3CmipOvbAGmKVkxYaM"},"fileId":"af64Gn8LtNhaOdNn7oMnSt"},"_color":{"__type__":"cc.Color","r":12,"g":12,"b":12},"_contentSize":{"__type__":"cc.Size","width":925,"height":10},"_trs":{"__type__":"TypedArray","ctor":"Float64Array","array":[23.898,534.221,0,0,0,0,1,1,1,1]},"_groupIndex":1,"groupIndex":1}],{"__type__":"cc.SpriteFrame","content":{"name":"default_sprite_splash","texture":"02delMVqdBD70a/HSD99FK","rect":[0,0,2,2],"offset":[0,0],"originalSize":[2,2],"capInsets":[0,0,0,0]}}]