[{"__type__":"cc.SpriteFrame","content":{"name":"back","texture":"18zGDdFslGlbwpRjTqCqn/","rect":[0,0,33,60],"offset":[0,0],"originalSize":[33,60],"capInsets":[0,0,0,0]}},{"__type__":"cc.SpriteFrame","content":{"name":"buttonBg","texture":"25yo6NWEFOwZUcmLPWvkXM","rect":[0,0,407,149],"offset":[0,0],"originalSize":[407,149],"capInsets":[0,0,0,0]}},{"__type__":"cc.SpriteFrame","content":{"name":"goldIcon","texture":"0a1gRvkaVGC7pN4NoJYD3E","rect":[0,0,60,60],"offset":[0,0],"originalSize":[60,60],"capInsets":[0,0,0,0]}},[{"__type__":"cc.SceneAsset","_name":"levelScene","scene":{"__id__":1},"asyncLoadAssets":null},{"__type__":"cc.Scene","_name":"New Node","_children":[{"__id__":2}],"_anchorPoint":{"__type__":"cc.Vec2"},"_trs":{"__type__":"TypedArray","ctor":"Float64Array","array":[0,0,0,0,0,0,1,1,1,1]},"autoReleaseAssets":false},{"__type__":"cc.Node","_name":"Canvas","_parent":{"__id__":1},"_children":[{"__id__":3},{"__id__":4},{"__type__":"cc.Node","_name":"walls","_parent":{"__id__":2},"_trs":{"__type__":"TypedArray","ctor":"Float64Array","array":[0,0,0,0,0,0,1,1,1,1]}},{"__type__":"cc.Node","_name":"targets","_parent":{"__id__":2},"_trs":{"__type__":"TypedArray","ctor":"Float64Array","array":[0,0,0,0,0,0,1,1,1,1]}},{"__type__":"cc.Node","_name":"pathWaysNode","_parent":{"__id__":2},"_trs":{"__type__":"TypedArray","ctor":"Float64Array","array":[0,0,0,0,0,0,1,1,1,1]}},{"__type__":"cc.Node","_name":"bullets","_parent":{"__id__":2},"_trs":{"__type__":"TypedArray","ctor":"Float64Array","array":[0,0,0,0,0,0,1,1,1,1]}},{"__id__":5}],"_components":[{"__type__":"cc.Canvas","node":{"__id__":2},"_designResolution":{"__type__":"cc.Size","width":1080,"height":1920}},{"__type__":"cc.Graphics","node":{"__id__":2},"_materials":[{"__uuid__":"6fgBCSDDdPMInvyNlggls2"}],"_strokeColor":{"__type__":"cc.Color","a":0},"_fillColor":{"__type__":"cc.Color","r":251,"g":233,"b":183}},{"__type__":"c4014NLpYFEZpXQI03LMFEP","node":{"__id__":2},"retryButton":{"__id__":6}}],"_contentSize":{"__type__":"cc.Size","width":1080,"height":1920},"_trs":{"__type__":"TypedArray","ctor":"Float64Array","array":[540,960,0,0,0,0,1,1,1,1]},"_id":"e5ZVR7hjlKRavcFCleCQEM"},{"__type__":"cc.Node","_name":"Main Camera","_parent":{"__id__":2},"_components":[{"__type__":"cc.Camera","node":{"__id__":3},"_clearFlags":7,"_backgroundColor":{"__type__":"cc.Color","r":255,"g":250,"b":235},"_depth":-1}],"_trs":{"__type__":"TypedArray","ctor":"Float64Array","array":[0,0,318.69734859267345,0,0,0,1,1,1,1]}},{"__type__":"cc.Node","_name":"fillNodes","_parent":{"__id__":2},"_components":[{"__type__":"cc.Graphics","node":{"__id__":4},"_materials":[{"__uuid__":"6fgBCSDDdPMInvyNlggls2"}],"_strokeColor":{"__type__":"cc.Color","a":0},"_fillColor":{"__type__":"cc.Color","r":251,"g":233,"b":183}}],"_trs":{"__type__":"TypedArray","ctor":"Float64Array","array":[0,0,0,0,0,0,1,1,1,1]}},{"__type__":"cc.Node","_name":"uiNode","_parent":{"__id__":2},"_children":[{"__id__":6},{"__id__":10},{"__id__":11},{"__id__":12},{"__id__":13},{"__id__":14}],"_trs":{"__type__":"TypedArray","ctor":"Float64Array","array":[0,0,0,0,0,0,1,1,1,1]}},{"__type__":"cc.Node","_name":"retryButton","_parent":{"__id__":5},"_children":[{"__id__":7},{"__id__":8},{"__id__":9}],"_components":[{"__type__":"cc.Sprite","node":{"__id__":6},"_materials":[{"__uuid__":"3ae7efMv1CLq2ilvUY/tQi"}],"_spriteFrame":{"__uuid__":"57axjgedpLKr+HWoA0BUYa"}},{"__type__":"cc.Button","node":{"__id__":6},"_normalMaterial":{"__uuid__":"ecpdLyjvZBwrvm+cedCcQy"},"_grayMaterial":{"__uuid__":"3ae7efMv1CLq2ilvUY/tQi"},"clickEvents":[{"__type__":"cc.ClickEvent","target":{"__id__":2},"_componentId":"e7e748p6atLdo2Z1e9yNR+E","handler":"onClickRetryButton"}],"_N$interactable":false,"_N$enableAutoGrayEffect":true,"_N$transition":3,"transition":3,"_N$target":{"__id__":6}}],"_contentSize":{"__type__":"cc.Size","width":407,"height":149},"_trs":{"__type__":"TypedArray","ctor":"Float64Array","array":[0,-652,0,0,0,0,1,1,1,1]}},{"__type__":"cc.Node","_name":"textLabel","_parent":{"__id__":6},"_components":[{"__type__":"cc.Label","node":{"__id__":7},"_materials":[{"__uuid__":"ecpdLyjvZBwrvm+cedCcQy"}],"_useOriginalSize":false,"_string":"重来","_N$string":"重来","_fontSize":50,"_lineHeight":50,"_N$horizontalAlign":1,"_N$verticalAlign":1}],"_color":{"__type__":"cc.Color","r":102,"g":102,"b":102},"_contentSize":{"__type__":"cc.Size","width":100,"height":63},"_trs":{"__type__":"TypedArray","ctor":"Float64Array","array":[-50.194,0,0,0,0,0,1,1,1,1]}},{"__type__":"cc.Node","_name":"heart","_parent":{"__id__":6},"_components":[{"__type__":"cc.Sprite","node":{"__id__":8},"_materials":[{"__uuid__":"ecpdLyjvZBwrvm+cedCcQy"}],"_spriteFrame":{"__uuid__":"73S4y4PytM5oNU8UfzpHJd"}}],"_contentSize":{"__type__":"cc.Size","width":60,"height":60},"_trs":{"__type__":"TypedArray","ctor":"Float64Array","array":[105.966,0,0,0,0,0,1,1,1,1]}},{"__type__":"cc.Node","_name":"heartCostLabel","_parent":{"__id__":6},"_components":[{"__type__":"cc.Label","node":{"__id__":9},"_materials":[{"__uuid__":"ecpdLyjvZBwrvm+cedCcQy"}],"_useOriginalSize":false,"_string":"1","_N$string":"1","_N$verticalAlign":1}],"_color":{"__type__":"cc.Color","r":102,"g":102,"b":102},"_contentSize":{"__type__":"cc.Size","width":22.25,"height":50.4},"_trs":{"__type__":"TypedArray","ctor":"Float64Array","array":[163.601,0,0,0,0,0,1,1,1,1]}},{"__type__":"cc.Node","_name":"heart","_parent":{"__id__":5},"_components":[{"__type__":"cc.Sprite","node":{"__id__":10},"_materials":[{"__uuid__":"ecpdLyjvZBwrvm+cedCcQy"}],"_spriteFrame":{"__uuid__":"73S4y4PytM5oNU8UfzpHJd"}}],"_contentSize":{"__type__":"cc.Size","width":60,"height":60},"_trs":{"__type__":"TypedArray","ctor":"Float64Array","array":[-379.199,835,0,0,0,0,1,1,1,1]}},{"__type__":"cc.Node","_name":"heartLabel","_parent":{"__id__":5},"_components":[{"__type__":"cc.Label","node":{"__id__":11},"_materials":[{"__uuid__":"ecpdLyjvZBwrvm+cedCcQy"}],"_useOriginalSize":false,"_string":"10 / 30","_N$string":"10 / 30","_N$verticalAlign":1}],"_color":{"__type__":"cc.Color","r":102,"g":102,"b":102},"_contentSize":{"__type__":"cc.Size","width":122.32,"height":50.4},"_trs":{"__type__":"TypedArray","ctor":"Float64Array","array":[-265.62,837.802,0,0,0,0,1,1,1,1]}},{"__type__":"cc.Node","_name":"minStepNumLabel","_parent":{"__id__":5},"_components":[{"__type__":"cc.Label","node":{"__id__":12},"_materials":[{"__uuid__":"ecpdLyjvZBwrvm+cedCcQy"}],"_useOriginalSize":false,"_string":"最小步数：10","_N$string":"最小步数：10","_N$verticalAlign":1}],"_color":{"__type__":"cc.Color","r":102,"g":102,"b":102},"_contentSize":{"__type__":"cc.Size","width":244.49,"height":50.4},"_anchorPoint":{"__type__":"cc.Vec2","y":0.5},"_trs":{"__type__":"TypedArray","ctor":"Float64Array","array":[-114.011,837.802,0,0,0,0,1,1,1,1]}},{"__type__":"cc.Node","_name":"currentStepNumLabel","_parent":{"__id__":5},"_components":[{"__type__":"cc.Label","node":{"__id__":13},"_materials":[{"__uuid__":"ecpdLyjvZBwrvm+cedCcQy"}],"_useOriginalSize":false,"_string":"当前步数：0","_N$string":"当前步数：0","_N$verticalAlign":1}],"_color":{"__type__":"cc.Color","r":102,"g":102,"b":102},"_contentSize":{"__type__":"cc.Size","width":222.25,"height":50.4},"_anchorPoint":{"__type__":"cc.Vec2","y":0.5},"_trs":{"__type__":"TypedArray","ctor":"Float64Array","array":[225.51,837.802,0,0,0,0,1,1,1,1]}},{"__type__":"cc.Node","_name":"backButtonNode","_parent":{"__id__":5},"_children":[{"__id__":15}],"_components":[{"__type__":"cc.Button","node":{"__id__":14},"clickEvents":[{"__type__":"cc.ClickEvent","target":{"__id__":2},"_componentId":"c4014NLpYFEZpXQI03LMFEP","handler":"onClickBackButton"}],"_N$target":{"__id__":15}}],"_contentSize":{"__type__":"cc.Size","width":100,"height":100},"_trs":{"__type__":"TypedArray","ctor":"Float64Array","array":[-484,835,0,0,0,0,1,1,1,1]}},{"__type__":"cc.Node","_name":"backSprite","_parent":{"__id__":14},"_components":[{"__type__":"cc.Sprite","node":{"__id__":15},"_materials":[{"__uuid__":"ecpdLyjvZBwrvm+cedCcQy"}],"_spriteFrame":{"__uuid__":"0bPFpl13ROw5WKAdR/H5yp"}}],"_contentSize":{"__type__":"cc.Size","width":33,"height":60},"_trs":{"__type__":"TypedArray","ctor":"Float64Array","array":[0,0,0,0,0,0,1,1,1,1]}}]]