[{"__type__":"cc.SpriteFrame","content":{"name":"buttonBg","texture":"25yo6NWEFOwZUcmLPWvkXM","rect":[0,0,407,149],"offset":[0,0],"originalSize":[407,149],"capInsets":[0,0,0,0]}},{"__type__":"cc.SpriteFrame","content":{"name":"close","texture":"f9pegOetBJ5rSlzJ2ng1Yu","rect":[0,0,55,54],"offset":[0,0],"originalSize":[55,54],"capInsets":[0,0,0,0]}},{"__type__":"cc.SpriteFrame","content":{"name":"default_sprite_splash","texture":"02delMVqdBD70a/HSD99FK","rect":[0,0,2,2],"offset":[0,0],"originalSize":[2,2],"capInsets":[0,0,0,0]}},[{"__type__":"cc.Prefab","_name":"signInSysUI","data":{"__id__":1}},{"__type__":"cc.Node","_name":"signInSysUI","_children":[{"__id__":2},{"__id__":3}],"_components":[{"__type__":"a6895xyaLROOZK1s1NHLJeI","node":{"__id__":1},"ensureButtonNode":{"__id__":7},"cancelButtonNode":{"__id__":5},"desLabelNode":{"__id__":10}}],"_prefab":{"__type__":"cc.PrefabInfo","root":{"__id__":1},"asset":{"__uuid__":"b5JBWvmllCepqXf/qSu1u+"},"fileId":"4cIsjMkwVP86zolwW5BIlp"},"_trs":{"__type__":"TypedArray","ctor":"Float64Array","array":[0,0,0,0,0,0,1,1,1,1]}},{"__type__":"cc.Node","_name":"bg","_parent":{"__id__":1},"_components":[{"__type__":"cc.Sprite","node":{"__id__":2},"_materials":[{"__uuid__":"ecpdLyjvZBwrvm+cedCcQy"}],"_spriteFrame":{"__uuid__":"a2MjXRFdtLlYQ5ouAFv/+R"},"_sizeMode":0}],"_prefab":{"__type__":"cc.PrefabInfo","root":{"__id__":1},"asset":{"__uuid__":"b5JBWvmllCepqXf/qSu1u+"},"fileId":"b7YpnV0QJCjaDQJioxCapG"},"_opacity":121,"_color":{"__type__":"cc.Color","r":32,"g":32,"b":32},"_contentSize":{"__type__":"cc.Size","width":1080,"height":1920},"_trs":{"__type__":"TypedArray","ctor":"Float64Array","array":[0,0,0,0,0,0,1,1,1,1]}},{"__type__":"cc.Node","_name":"others","_parent":{"__id__":1},"_children":[{"__id__":4},{"__id__":5},{"__id__":7},{"__id__":9},{"__id__":11}],"_prefab":{"__type__":"cc.PrefabInfo","root":{"__id__":1},"asset":{"__uuid__":"b5JBWvmllCepqXf/qSu1u+"},"fileId":"2cXywJVyRGlI4nXiH29Xzx"},"_trs":{"__type__":"TypedArray","ctor":"Float64Array","array":[0,0,0,0,0,0,1,1,1,1]}},{"__type__":"cc.Node","_name":"bg","_parent":{"__id__":3},"_components":[{"__type__":"cc.Sprite","node":{"__id__":4},"_materials":[{"__uuid__":"ecpdLyjvZBwrvm+cedCcQy"}],"_spriteFrame":{"__uuid__":"fcE0ujdbhAd71pQstCURm4"}}],"_prefab":{"__type__":"cc.PrefabInfo","root":{"__id__":1},"asset":{"__uuid__":"b5JBWvmllCepqXf/qSu1u+"},"fileId":"1aLeFjlxhC9bYMFMZGSGRP"},"_contentSize":{"__type__":"cc.Size","width":921,"height":457},"_trs":{"__type__":"TypedArray","ctor":"Float64Array","array":[0,0,0,0,0,0,1,1,1,1]}},{"__type__":"cc.Node","_name":"cancelButton","_parent":{"__id__":3},"_children":[{"__id__":6}],"_components":[{"__type__":"cc.Sprite","node":{"__id__":5},"_materials":[{"__uuid__":"ecpdLyjvZBwrvm+cedCcQy"}],"_spriteFrame":{"__uuid__":"57axjgedpLKr+HWoA0BUYa"},"_sizeMode":0},{"__type__":"cc.Button","node":{"__id__":5},"_normalMaterial":{"__uuid__":"ecpdLyjvZBwrvm+cedCcQy"},"clickEvents":[{"__type__":"cc.ClickEvent","target":{"__id__":1},"_componentId":"a6895xyaLROOZK1s1NHLJeI","handler":"onClickCancelButton"}],"_N$transition":3,"transition":3,"_N$target":{"__id__":5}}],"_prefab":{"__type__":"cc.PrefabInfo","root":{"__id__":1},"asset":{"__uuid__":"b5JBWvmllCepqXf/qSu1u+"},"fileId":"66RDT+MbNCa4QGh1spxHyf"},"_contentSize":{"__type__":"cc.Size","width":214,"height":72},"_trs":{"__type__":"TypedArray","ctor":"Float64Array","array":[-172.904,-121.673,0,0,0,0,1,1,1,1]}},{"__type__":"cc.Node","_name":"textLabel","_parent":{"__id__":5},"_components":[{"__type__":"cc.Label","node":{"__id__":6},"_materials":[{"__uuid__":"ecpdLyjvZBwrvm+cedCcQy"}],"_useOriginalSize":false,"_string":"取消","_N$string":"取消","_fontSize":35,"_lineHeight":35,"_N$horizontalAlign":1,"_N$verticalAlign":1}],"_prefab":{"__type__":"cc.PrefabInfo","root":{"__id__":1},"asset":{"__uuid__":"b5JBWvmllCepqXf/qSu1u+"},"fileId":"7el942RiBBcpnvjVubosyV"},"_color":{"__type__":"cc.Color","r":102,"g":102,"b":102},"_contentSize":{"__type__":"cc.Size","width":70,"height":44.1},"_trs":{"__type__":"TypedArray","ctor":"Float64Array","array":[0,0,0,0,0,0,1,1,1,1]}},{"__type__":"cc.Node","_name":"ensureButton","_parent":{"__id__":3},"_children":[{"__id__":8}],"_components":[{"__type__":"cc.Sprite","node":{"__id__":7},"_materials":[{"__uuid__":"ecpdLyjvZBwrvm+cedCcQy"}],"_spriteFrame":{"__uuid__":"57axjgedpLKr+HWoA0BUYa"},"_sizeMode":0},{"__type__":"cc.Button","node":{"__id__":7},"_normalMaterial":{"__uuid__":"ecpdLyjvZBwrvm+cedCcQy"},"clickEvents":[{"__type__":"cc.ClickEvent","target":{"__id__":1},"_componentId":"a6895xyaLROOZK1s1NHLJeI","handler":"onClickEnsureButton"}],"_N$transition":3,"transition":3,"_N$target":{"__id__":7}}],"_prefab":{"__type__":"cc.PrefabInfo","root":{"__id__":1},"asset":{"__uuid__":"b5JBWvmllCepqXf/qSu1u+"},"fileId":"79Ut7fAZhMB7eQZelZTNCV"},"_contentSize":{"__type__":"cc.Size","width":214,"height":72},"_trs":{"__type__":"TypedArray","ctor":"Float64Array","array":[202.45,-121.673,0,0,0,0,1,1,1,1]}},{"__type__":"cc.Node","_name":"textLabel","_parent":{"__id__":7},"_components":[{"__type__":"cc.Label","node":{"__id__":8},"_materials":[{"__uuid__":"ecpdLyjvZBwrvm+cedCcQy"}],"_useOriginalSize":false,"_string":"观看","_N$string":"观看","_fontSize":35,"_lineHeight":35,"_N$horizontalAlign":1,"_N$verticalAlign":1}],"_prefab":{"__type__":"cc.PrefabInfo","root":{"__id__":1},"asset":{"__uuid__":"b5JBWvmllCepqXf/qSu1u+"},"fileId":"58MzB+gdxHVauWpBEG04WA"},"_color":{"__type__":"cc.Color","r":102,"g":102,"b":102},"_contentSize":{"__type__":"cc.Size","width":70,"height":44.1},"_trs":{"__type__":"TypedArray","ctor":"Float64Array","array":[0,0,0,0,0,0,1,1,1,1]}},{"__type__":"cc.Node","_name":"desLabel","_parent":{"__id__":3},"_components":[{"__id__":10}],"_prefab":{"__type__":"cc.PrefabInfo","root":{"__id__":1},"asset":{"__uuid__":"b5JBWvmllCepqXf/qSu1u+"},"fileId":"39YmVUfXlI9afMBGrUSCjU"},"_color":{"__type__":"cc.Color","r":102,"g":102,"b":102},"_contentSize":{"__type__":"cc.Size","width":800,"height":75.6},"_anchorPoint":{"__type__":"cc.Vec2","x":0.5},"_trs":{"__type__":"TypedArray","ctor":"Float64Array","array":[0,0,0,0,0,0,1,1,1,1]}},{"__type__":"cc.Label","node":{"__id__":9},"_materials":[{"__uuid__":"ecpdLyjvZBwrvm+cedCcQy"}],"_useOriginalSize":false,"_string":"default value","_N$string":"default value","_lineHeight":60,"_N$horizontalAlign":1,"_N$verticalAlign":1,"_N$overflow":3},{"__type__":"cc.Node","_name":"closeButton","_parent":{"__id__":3},"_active":false,"_components":[{"__type__":"cc.Sprite","node":{"__id__":11},"_materials":[{"__uuid__":"ecpdLyjvZBwrvm+cedCcQy"}],"_spriteFrame":{"__uuid__":"95gnORXsJNDZJYVZOBGszH"}},{"__type__":"cc.Button","node":{"__id__":11},"_N$target":{"__id__":11}}],"_prefab":{"__type__":"cc.PrefabInfo","root":{"__id__":1},"asset":{"__uuid__":"b5JBWvmllCepqXf/qSu1u+"},"fileId":"d98VKJE39Kd6lLSuDjDN26"},"_contentSize":{"__type__":"cc.Size","width":55,"height":54},"_trs":{"__type__":"TypedArray","ctor":"Float64Array","array":[448.575,219.072,0,0,0,0,1,1,1,1]}}],{"__type__":"cc.SpriteFrame","content":{"name":"welfaryBg","texture":"c35/LkAWRKHrlQJM+F/pN/","rect":[0,0,921,457],"offset":[0,0],"originalSize":[921,457],"capInsets":[39,39,36,48]}}]