[{"__type__":"cc.SpriteFrame","content":{"name":"signIn","texture":"25zS6Tpn9EbZgiYuy60ahh","rect":[0,0,60,60],"offset":[0,0],"originalSize":[60,60],"capInsets":[0,0,0,0]}},[{"__type__":"cc.SceneAsset","_name":"mainScene","scene":{"__id__":1},"asyncLoadAssets":null},{"__type__":"cc.Scene","_name":"New Node","_children":[{"__id__":2}],"_anchorPoint":{"__type__":"cc.Vec2"},"_trs":{"__type__":"TypedArray","ctor":"Float64Array","array":[0,0,0,0,0,0,1,1,1,1]},"autoReleaseAssets":false},{"__type__":"cc.Node","_name":"Canvas","_parent":{"__id__":1},"_children":[{"__id__":3},{"__id__":4},{"__id__":5},{"__id__":6},{"__id__":7},{"__id__":8},{"__id__":9},{"__id__":10},{"__id__":11},{"__id__":12}],"_components":[{"__type__":"cc.Canvas","node":{"__id__":2},"_designResolution":{"__type__":"cc.Size","width":1080,"height":1920}},{"__type__":"b1711iV+ldL4qhgqdK5YGYi","node":{"__id__":2},"sectionNameLabelNode":{"__id__":6},"levelNodes":{"__id__":5},"connectLineNodes":{"__id__":4},"levelNodePrefab":{"__uuid__":"cawGqRc0xNjIDIFYQpkWYN"},"levelNodesConnectLinePrefab":{"__uuid__":"9eMOXjOyZFMrSvV2HBiZaU"},"physicalLabelNode":{"__id__":8},"heartLabelNode":{"__id__":9},"mailSysButtonNode":{"__id__":13},"signInSysButtonNode":{"__id__":14},"welfarySysButtonNode":{"__id__":15},"addHeartButtonNode":{"__id__":17},"addPhysicalPowerButtonNode":{"__id__":16},"selectSectionButtonNode":{"__id__":7},"levelNodeStartPosition":{"__type__":"cc.Vec2","x":-374.634,"y":-409.756},"levelNodesHorDis":200,"levelNodesVerDis":400}],"_contentSize":{"__type__":"cc.Size","width":1080,"height":1920},"_trs":{"__type__":"TypedArray","ctor":"Float64Array","array":[540,960,0,0,0,0,1,1,1,1]},"_id":"96D1E56FBLPZgay1aEPqLe"},{"__type__":"cc.Node","_name":"Main Camera","_parent":{"__id__":2},"_components":[{"__type__":"cc.Camera","node":{"__id__":3},"_clearFlags":7,"_backgroundColor":{"__type__":"cc.Color","r":252,"g":247,"b":231},"_depth":-1}],"_trs":{"__type__":"TypedArray","ctor":"Float64Array","array":[0,0,318.69734859267345,0,0,0,1,1,1,1]}},{"__type__":"cc.Node","_name":"connetLineNodes","_parent":{"__id__":2},"_trs":{"__type__":"TypedArray","ctor":"Float64Array","array":[0,0,0,0,0,0,1,1,1,1]}},{"__type__":"cc.Node","_name":"levelNodes","_parent":{"__id__":2},"_trs":{"__type__":"TypedArray","ctor":"Float64Array","array":[0,0,0,0,0,0,1,1,1,1]}},{"__type__":"cc.Node","_name":"sectionNameLabel","_parent":{"__id__":2},"_components":[{"__type__":"cc.Label","node":{"__id__":6},"_materials":[{"__uuid__":"ecpdLyjvZBwrvm+cedCcQy"}],"_useOriginalSize":false,"_string":"Label","_N$string":"Label","_fontSize":60,"_lineHeight":60,"_N$horizontalAlign":1,"_N$verticalAlign":1,"_N$fontFamily":"Arial-BoldMT"},{"__type__":"cc.Widget","node":{"__id__":6},"_target":{"__id__":2},"_alignFlags":4,"_bottom":234.40700000000004}],"_color":{"__type__":"cc.Color","r":102,"g":102,"b":102},"_contentSize":{"__type__":"cc.Size","width":156.71,"height":75.6},"_trs":{"__type__":"TypedArray","ctor":"Float64Array","array":[0,-687.793,0,0,0,0,1,1,1,1]}},{"__type__":"cc.Node","_name":"selectSectionButton","_parent":{"__id__":2},"_components":[{"__type__":"cc.Sprite","node":{"__id__":7},"_materials":[{"__uuid__":"ecpdLyjvZBwrvm+cedCcQy"}],"_spriteFrame":{"__uuid__":"856yVsfklFHbK4H2m8c/rL"}},{"__type__":"cc.Button","node":{"__id__":7}},{"__type__":"cc.Widget","node":{"__id__":7},"_target":{"__id__":2},"_alignFlags":12,"_left":145.07600000000002,"_bottom":248.207}],"_contentSize":{"__type__":"cc.Size","width":60,"height":48},"_trs":{"__type__":"TypedArray","ctor":"Float64Array","array":[-364.924,-687.793,0,0,0,0,1,1,1,1]}},{"__type__":"cc.Node","_name":"physicalPowerLabel","_parent":{"__id__":2},"_components":[{"__type__":"cc.Label","node":{"__id__":8},"_materials":[{"__uuid__":"ecpdLyjvZBwrvm+cedCcQy"}],"_useOriginalSize":false,"_string":"10","_N$string":"10","_N$verticalAlign":1,"_N$fontFamily":"Arial-BoldMT"},{"__type__":"cc.Widget","node":{"__id__":8},"_target":{"__id__":2},"_alignFlags":9,"_left":145.04700000000003,"_top":100.01099999999997}],"_color":{"__type__":"cc.Color","r":102,"g":102,"b":102},"_contentSize":{"__type__":"cc.Size","width":44.49,"height":50.4},"_anchorPoint":{"__type__":"cc.Vec2","y":0.5},"_trs":{"__type__":"TypedArray","ctor":"Float64Array","array":[-394.953,834.789,0,0,0,0,1,1,1,1]}},{"__type__":"cc.Node","_name":"goldLabel","_parent":{"__id__":2},"_components":[{"__type__":"cc.Label","node":{"__id__":9},"_materials":[{"__uuid__":"ecpdLyjvZBwrvm+cedCcQy"}],"_useOriginalSize":false,"_string":"10","_N$string":"10","_N$verticalAlign":1,"_N$fontFamily":"Arial-BoldMT"},{"__type__":"cc.Widget","node":{"__id__":9},"_target":{"__id__":2},"_alignFlags":9,"_left":465.63599999999997,"_top":100.01099999999997}],"_color":{"__type__":"cc.Color","r":102,"g":102,"b":102},"_contentSize":{"__type__":"cc.Size","width":44.49,"height":50.4},"_anchorPoint":{"__type__":"cc.Vec2","y":0.5},"_trs":{"__type__":"TypedArray","ctor":"Float64Array","array":[-74.36400000000003,834.789,0,0,0,0,1,1,1,1]}},{"__type__":"cc.Node","_name":"physicalPowerIcon","_parent":{"__id__":2},"_components":[{"__type__":"cc.Sprite","node":{"__id__":10},"_materials":[{"__uuid__":"ecpdLyjvZBwrvm+cedCcQy"}],"_spriteFrame":{"__uuid__":"82IeGF0/ZNjIMVwPWJFLjO"}},{"__type__":"cc.Widget","node":{"__id__":10},"_target":{"__id__":2},"_alignFlags":9,"_left":65.62700000000001,"_top":97.71100000000001}],"_contentSize":{"__type__":"cc.Size","width":37,"height":55},"_trs":{"__type__":"TypedArray","ctor":"Float64Array","array":[-455.873,834.789,0,0,0,0,1,1,1,1]}},{"__type__":"cc.Node","_name":"goldIcon","_parent":{"__id__":2},"_components":[{"__type__":"cc.Sprite","node":{"__id__":11},"_materials":[{"__uuid__":"ecpdLyjvZBwrvm+cedCcQy"}],"_spriteFrame":{"__uuid__":"73S4y4PytM5oNU8UfzpHJd"}},{"__type__":"cc.Widget","node":{"__id__":11},"_target":{"__id__":2},"_alignFlags":9,"_left":381.124,"_top":95.21100000000001}],"_contentSize":{"__type__":"cc.Size","width":60,"height":60},"_trs":{"__type__":"TypedArray","ctor":"Float64Array","array":[-128.87599999999998,834.789,0,0,0,0,1,1,1,1]}},{"__type__":"cc.Node","_name":"enterButtons","_parent":{"__id__":2},"_children":[{"__id__":13},{"__id__":14},{"__id__":15},{"__id__":16},{"__id__":17}],"_trs":{"__type__":"TypedArray","ctor":"Float64Array","array":[0,0,0,0,0,0,1,1,1,1]}},{"__type__":"cc.Node","_name":"mailButton","_parent":{"__id__":12},"_components":[{"__type__":"cc.Sprite","node":{"__id__":13},"_materials":[{"__uuid__":"ecpdLyjvZBwrvm+cedCcQy"}],"_spriteFrame":{"__uuid__":"5dqmcRfUxD1J2P094oxmNP"}},{"__type__":"cc.Button","node":{"__id__":13},"_normalMaterial":{"__uuid__":"ecpdLyjvZBwrvm+cedCcQy"},"_N$transition":3,"transition":3,"_N$target":{"__id__":13}},{"__type__":"cc.Widget","node":{"__id__":13},"_target":{"__id__":2},"_alignFlags":32,"_right":83.29700000000003},{"__type__":"f34142gIJJJ4YCZvHxJkXfT","node":{"__id__":13},"redPointPrefab":{"__uuid__":"edEgT55g5K0J53Lip+agKe"}}],"_contentSize":{"__type__":"cc.Size","width":60,"height":47},"_trs":{"__type__":"TypedArray","ctor":"Float64Array","array":[426.703,746.58,0,0,0,0,1,1,1,1]}},{"__type__":"cc.Node","_name":"signInButton","_parent":{"__id__":12},"_components":[{"__type__":"cc.Sprite","node":{"__id__":14},"_materials":[{"__uuid__":"ecpdLyjvZBwrvm+cedCcQy"}],"_spriteFrame":{"__uuid__":"13RaI/LLNH77RXpAvLFt2T"}},{"__type__":"cc.Button","node":{"__id__":14},"_normalMaterial":{"__uuid__":"ecpdLyjvZBwrvm+cedCcQy"},"_N$transition":3,"transition":3,"_N$target":{"__id__":14}},{"__type__":"cc.Widget","node":{"__id__":14},"_target":{"__id__":2},"_alignFlags":32,"_right":83.29700000000003},{"__type__":"f34142gIJJJ4YCZvHxJkXfT","node":{"__id__":14},"redPointPrefab":{"__uuid__":"edEgT55g5K0J53Lip+agKe"}}],"_contentSize":{"__type__":"cc.Size","width":60,"height":60},"_trs":{"__type__":"TypedArray","ctor":"Float64Array","array":[426.703,625.876,0,0,0,0,1,1,1,1]}},{"__type__":"cc.Node","_name":"welfaryButton","_parent":{"__id__":12},"_components":[{"__type__":"cc.Sprite","node":{"__id__":15},"_materials":[{"__uuid__":"ecpdLyjvZBwrvm+cedCcQy"}],"_spriteFrame":{"__uuid__":"4fS6WIaE1C5ZQ7Jxr34+XZ"}},{"__type__":"cc.Button","node":{"__id__":15},"_normalMaterial":{"__uuid__":"ecpdLyjvZBwrvm+cedCcQy"},"_N$transition":3,"transition":3,"_N$target":{"__id__":15}},{"__type__":"cc.Widget","node":{"__id__":15},"_target":{"__id__":2},"_alignFlags":32,"_right":83.29700000000003}],"_contentSize":{"__type__":"cc.Size","width":60,"height":60},"_trs":{"__type__":"TypedArray","ctor":"Float64Array","array":[426.703,497.856,0,0,0,0,1,1,1,1]}},{"__type__":"cc.Node","_name":"addPhysicalPowerButton","_parent":{"__id__":12},"_components":[{"__type__":"cc.Sprite","node":{"__id__":16},"_materials":[{"__uuid__":"ecpdLyjvZBwrvm+cedCcQy"}],"_spriteFrame":{"__uuid__":"a7DoHX9cJKorHFLPgsJdCP"}},{"__type__":"cc.Button","node":{"__id__":16},"_normalMaterial":{"__uuid__":"ecpdLyjvZBwrvm+cedCcQy"},"_N$transition":3,"transition":3,"_N$target":{"__id__":16}},{"__type__":"cc.Widget","node":{"__id__":16},"_target":{"__id__":2},"_alignFlags":9,"_left":244.45100000000002,"_top":95.21100000000001}],"_contentSize":{"__type__":"cc.Size","width":60,"height":60},"_trs":{"__type__":"TypedArray","ctor":"Float64Array","array":[-265.549,834.789,0,0,0,0,1,1,1,1]}},{"__type__":"cc.Node","_name":"addHeartButton","_parent":{"__id__":12},"_components":[{"__type__":"cc.Sprite","node":{"__id__":17},"_materials":[{"__uuid__":"ecpdLyjvZBwrvm+cedCcQy"}],"_spriteFrame":{"__uuid__":"a7DoHX9cJKorHFLPgsJdCP"}},{"__type__":"cc.Button","node":{"__id__":17},"_normalMaterial":{"__uuid__":"ecpdLyjvZBwrvm+cedCcQy"},"_N$transition":3,"transition":3,"_N$target":{"__id__":17}},{"__type__":"cc.Widget","node":{"__id__":17},"_target":{"__id__":2},"_alignFlags":9,"_left":535.629,"_top":95.21100000000001}],"_contentSize":{"__type__":"cc.Size","width":60,"height":60},"_trs":{"__type__":"TypedArray","ctor":"Float64Array","array":[25.62900000000002,834.789,0,0,0,0,1,1,1,1]}}],{"__type__":"cc.SpriteFrame","content":{"name":"levelNodeSelectedEffect","texture":"bdpy/TvBBFfpDIU0s0tFZ9","rect":[0,0,132,132],"offset":[0,0],"originalSize":[132,132],"capInsets":[0,0,0,0]}},{"__type__":"cc.SpriteFrame","content":{"name":"complete","texture":"3cNAfOk3JD5LP0lIgRFnXm","rect":[0,0,60,44],"offset":[0,0],"originalSize":[60,44],"capInsets":[0,0,0,0]}},{"__type__":"cc.SpriteFrame","content":{"name":"welfary","texture":"67JMnpHopLdJLLQEjN93NM","rect":[0,0,60,60],"offset":[0,0],"originalSize":[60,60],"capInsets":[0,0,0,0]}},{"__type__":"cc.SpriteFrame","content":{"name":"buttonBg","texture":"25yo6NWEFOwZUcmLPWvkXM","rect":[0,0,407,149],"offset":[0,0],"originalSize":[407,149],"capInsets":[0,0,0,0]}},{"__type__":"cc.SpriteFrame","content":{"name":"mail","texture":"12CeXDCYVG8IlwFIaT9dw4","rect":[0,0,60,47],"offset":[0,0],"originalSize":[60,47],"capInsets":[0,0,0,0]}},{"__type__":"cc.SpriteFrame","content":{"name":"goldIcon","texture":"0a1gRvkaVGC7pN4NoJYD3E","rect":[0,0,60,60],"offset":[0,0],"originalSize":[60,60],"capInsets":[0,0,0,0]}},{"__type__":"cc.SpriteFrame","content":{"name":"levelNode_gray","texture":"7864CUtWxBhalpLrgRu1uM","rect":[0,0,112,112],"offset":[0,0],"originalSize":[112,112],"capInsets":[0,0,0,0]}},{"__type__":"cc.SpriteFrame","content":{"name":"mailTag_unSend","texture":"4bVozFXyFIC5iyiwY3mg72","rect":[0,0,81,33],"offset":[0,0],"originalSize":[81,33],"capInsets":[0,0,0,0]}},{"__type__":"cc.SpriteFrame","content":{"name":"physicalPower","texture":"c18wKAW1xLwY0Xs+kpb+dx","rect":[0,0,37,55],"offset":[0,0],"originalSize":[37,55],"capInsets":[0,0,0,0]}},{"__type__":"cc.SpriteFrame","content":{"name":"selectSectionButton","texture":"e7pFqfYS5KVYX/0srV56WY","rect":[0,0,60,48],"offset":[0,0],"originalSize":[60,48],"capInsets":[0,0,0,0]}},{"__type__":"cc.SpriteFrame","content":{"name":"levelNode_normal","texture":"99Fpb4y9BCVI8C9Tp4+MCn","rect":[0,0,112,112],"offset":[0,0],"originalSize":[112,112],"capInsets":[0,0,0,0]}},{"__type__":"cc.SpriteFrame","content":{"name":"close","texture":"f9pegOetBJ5rSlzJ2ng1Yu","rect":[0,0,55,54],"offset":[0,0],"originalSize":[55,54],"capInsets":[0,0,0,0]}},[{"__type__":"cc.Prefab","_name":"connectLineNode","data":{"__id__":1}},{"__type__":"cc.Node","_name":"connectLineNode","_components":[{"__type__":"cc.Sprite","node":{"__id__":1},"_materials":[{"__uuid__":"ecpdLyjvZBwrvm+cedCcQy"}],"_spriteFrame":{"__uuid__":"a2MjXRFdtLlYQ5ouAFv/+R"},"_type":2,"_sizeMode":0}],"_prefab":{"__type__":"cc.PrefabInfo","root":{"__id__":1},"asset":{"__id__":0},"fileId":"eakxRjLXdHkIHedUOfz7eg"},"_color":{"__type__":"cc.Color","r":221,"g":147,"b":139},"_contentSize":{"__type__":"cc.Size","width":10,"height":10},"_trs":{"__type__":"TypedArray","ctor":"Float64Array","array":[0,0,0,0,0,0,1,1,1,1]}}],{"__type__":"cc.SpriteFrame","content":{"name":"default_sprite_splash","texture":"02delMVqdBD70a/HSD99FK","rect":[0,0,2,2],"offset":[0,0],"originalSize":[2,2],"capInsets":[0,0,0,0]}},{"__type__":"cc.SpriteFrame","content":{"name":"add","texture":"61qy0zZX9OVYNYsU7/4+R1","rect":[0,0,60,60],"offset":[0,0],"originalSize":[60,60],"capInsets":[0,0,0,0]}},{"__type__":"cc.SpriteFrame","content":{"name":"mailTag_send","texture":"8czC14Y9VAa6wQOtEcotFm","rect":[0,0,81,33],"offset":[0,0],"originalSize":[81,33],"capInsets":[0,0,0,0]}},[{"__type__":"cc.Prefab","_name":"preChallengeMailSectionNode","data":{"__id__":1}},{"__type__":"cc.Node","_name":"preChallengeMailSectionNode","_children":[{"__id__":2},{"__id__":3},{"__id__":4}],"_prefab":{"__type__":"cc.PrefabInfo","root":{"__id__":1},"asset":{"__uuid__":"b98V1yN4JD4rhBCovfHg2D"},"fileId":"cesEkI4QhI+YSFi4zisDOA"},"_anchorPoint":{"__type__":"cc.Vec2","x":0.5,"y":1},"_trs":{"__type__":"TypedArray","ctor":"Float64Array","array":[0,0,0,0,0,0,1,1,1,1]}},{"__type__":"cc.Node","_name":"desLabel","_parent":{"__id__":1},"_components":[{"__type__":"cc.Label","node":{"__id__":2},"_materials":[{"__uuid__":"ecpdLyjvZBwrvm+cedCcQy"}],"_useOriginalSize":false,"_string":"通关后会收到 主线主线 分支的新邮件","_N$string":"通关后会收到 主线主线 分支的新邮件","_fontSize":35,"_lineHeight":52.5,"_N$verticalAlign":1,"_N$overflow":3}],"_prefab":{"__type__":"cc.PrefabInfo","root":{"__id__":1},"asset":{"__uuid__":"b98V1yN4JD4rhBCovfHg2D"},"fileId":"40TopJ0uNJRIutqhLK/hBw"},"_color":{"__type__":"cc.Color","r":102,"g":102,"b":102},"_contentSize":{"__type__":"cc.Size","width":600,"height":65.52},"_anchorPoint":{"__type__":"cc.Vec2","y":1},"_trs":{"__type__":"TypedArray","ctor":"Float64Array","array":[-308.779,0,0,0,0,0,1,1,1,1]}},{"__type__":"cc.Node","_name":"statusLabel","_parent":{"__id__":1},"_active":false,"_components":[{"__type__":"cc.Label","node":{"__id__":3},"_materials":[{"__uuid__":"ecpdLyjvZBwrvm+cedCcQy"}],"_useOriginalSize":false,"_string":"10 / 10","_N$string":"10 / 10","_fontSize":35,"_lineHeight":35,"_N$horizontalAlign":1,"_N$verticalAlign":1}],"_prefab":{"__type__":"cc.PrefabInfo","root":{"__id__":1},"asset":{"__uuid__":"b98V1yN4JD4rhBCovfHg2D"},"fileId":"16wExTxfVB/7czfJmJv02j"},"_color":{"__type__":"cc.Color","r":102,"g":102,"b":102},"_contentSize":{"__type__":"cc.Size","width":107.03,"height":44.1},"_anchorPoint":{"__type__":"cc.Vec2","y":1},"_trs":{"__type__":"TypedArray","ctor":"Float64Array","array":[301.182,0,0,0,0,0,1,1,1,1]}},{"__type__":"cc.Node","_name":"completeIcon","_parent":{"__id__":1},"_active":false,"_components":[{"__type__":"cc.Sprite","node":{"__id__":4},"_materials":[{"__uuid__":"ecpdLyjvZBwrvm+cedCcQy"}],"_spriteFrame":{"__uuid__":"4e9KKxpM9CxrwvDvkphZMA"}}],"_prefab":{"__type__":"cc.PrefabInfo","root":{"__id__":1},"asset":{"__uuid__":"b98V1yN4JD4rhBCovfHg2D"},"fileId":"3emH//GSpK4KzNW36dLwBT"},"_contentSize":{"__type__":"cc.Size","width":60,"height":44},"_anchorPoint":{"__type__":"cc.Vec2","x":0.5,"y":1},"_trs":{"__type__":"TypedArray","ctor":"Float64Array","array":[356.276,0,0,0,0,0,1,1,1,1]}}],[{"__type__":"cc.Prefab","_name":"levelNode","data":{"__id__":1}},{"__type__":"cc.Node","_name":"levelNode","_children":[{"__id__":2},{"__id__":3},{"__id__":4}],"_components":[{"__type__":"cc.Sprite","node":{"__id__":1},"_materials":[{"__uuid__":"ecpdLyjvZBwrvm+cedCcQy"}],"_spriteFrame":{"__uuid__":"87idzUSwpPmqeN+7K7uf5B"}},{"__type__":"cc.Button","node":{"__id__":1},"_normalMaterial":{"__uuid__":"ecpdLyjvZBwrvm+cedCcQy"},"clickEvents":[{"__type__":"cc.ClickEvent","target":{"__id__":1},"_componentId":"a65daQfIs1AIaVJClbi9PqX","handler":"onClick"}],"_N$normalSprite":{"__uuid__":"87idzUSwpPmqeN+7K7uf5B"},"_N$pressedSprite":{"__uuid__":"87idzUSwpPmqeN+7K7uf5B"},"pressedSprite":{"__uuid__":"87idzUSwpPmqeN+7K7uf5B"},"_N$disabledSprite":{"__uuid__":"7aj9juuINM3ovGLA1oT+4T"},"_N$target":{"__id__":1}},{"__type__":"a65daQfIs1AIaVJClbi9PqX","node":{"__id__":1},"levelNumLabelNode":{"__id__":2},"mailTagNode":{"__id__":3},"selectedEffectNode":{"__id__":4},"graySpriteFrame":{"__uuid__":"7aj9juuINM3ovGLA1oT+4T"},"mailTagSendSpriteFrame":{"__uuid__":"b3x8pytl5Me6UrCwCt+7F1"},"preChanllengeUIPrefab":{"__uuid__":"df/Q6OtjJAgKUnNA8CEP7S"}}],"_prefab":{"__type__":"cc.PrefabInfo","root":{"__id__":1},"asset":{"__uuid__":"cawGqRc0xNjIDIFYQpkWYN"},"fileId":"9bqiVxmAFAmpfZEof0YwM7"},"_contentSize":{"__type__":"cc.Size","width":112,"height":112},"_trs":{"__type__":"TypedArray","ctor":"Float64Array","array":[-300.148,-344.851,0,0,0,0,1,1,1,1]}},{"__type__":"cc.Node","_name":"levelNumLabel","_parent":{"__id__":1},"_components":[{"__type__":"cc.Label","node":{"__id__":2},"_materials":[{"__uuid__":"ecpdLyjvZBwrvm+cedCcQy"}],"_useOriginalSize":false,"_string":"1","_N$string":"1","_fontSize":50,"_lineHeight":50,"_N$horizontalAlign":1,"_N$verticalAlign":1}],"_prefab":{"__type__":"cc.PrefabInfo","root":{"__id__":1},"asset":{"__uuid__":"cawGqRc0xNjIDIFYQpkWYN"},"fileId":"ccfir7HthK2IzOsQuTV1Rw"},"_color":{"__type__":"cc.Color","r":102,"g":102,"b":102},"_contentSize":{"__type__":"cc.Size","width":27.81,"height":63},"_trs":{"__type__":"TypedArray","ctor":"Float64Array","array":[0,0,0,0,0,0,1,1,1,1]}},{"__type__":"cc.Node","_name":"mailTag","_parent":{"__id__":1},"_active":false,"_components":[{"__type__":"cc.Sprite","node":{"__id__":3},"_materials":[{"__uuid__":"ecpdLyjvZBwrvm+cedCcQy"}],"_spriteFrame":{"__uuid__":"7fJdgGbnhKNrr826I3Gxn9"}}],"_prefab":{"__type__":"cc.PrefabInfo","root":{"__id__":1},"asset":{"__uuid__":"cawGqRc0xNjIDIFYQpkWYN"},"fileId":"b0afjZWMRC7bLJgoO7JqlQ"},"_contentSize":{"__type__":"cc.Size","width":81,"height":33},"_trs":{"__type__":"TypedArray","ctor":"Float64Array","array":[87.722,69.254,0,0,0,0,1,1,1,1]}},{"__type__":"cc.Node","_name":"levelNodeSelectedEffect","_parent":{"__id__":1},"_active":false,"_components":[{"__type__":"cc.Sprite","node":{"__id__":4},"_materials":[{"__uuid__":"ecpdLyjvZBwrvm+cedCcQy"}],"_spriteFrame":{"__uuid__":"3d+jEIpv1OvoHw0QEkj/DN"}}],"_prefab":{"__type__":"cc.PrefabInfo","root":{"__id__":1},"asset":{"__uuid__":"cawGqRc0xNjIDIFYQpkWYN"},"fileId":"22RiZ/yGhOubU8q3+ufD2i"},"_contentSize":{"__type__":"cc.Size","width":132,"height":132},"_trs":{"__type__":"TypedArray","ctor":"Float64Array","array":[0,0,0,0,0,0,1,1,1,1]}}],[{"__type__":"cc.Prefab","_name":"preChallengeUI","data":{"__id__":1}},{"__type__":"cc.Node","_name":"preChallengeUI","_children":[{"__id__":2},{"__id__":3}],"_components":[{"__type__":"e5cd7mr4sZJ97Ekm5ipqXJu","node":{"__id__":1},"titleLabelNode":{"__id__":6},"challengeButtonNoe":{"__id__":12},"contentSectionNode":{"__id__":7},"mailSectionNode":{"__id__":11},"closeButtonNode":{"__id__":5},"mailSectionElementPrefab":{"__uuid__":"b98V1yN4JD4rhBCovfHg2D"},"challengeButtonCostPhySprite":{"__uuid__":"82IeGF0/ZNjIMVwPWJFLjO"}}],"_prefab":{"__type__":"cc.PrefabInfo","root":{"__id__":1},"asset":{"__uuid__":"df/Q6OtjJAgKUnNA8CEP7S"},"fileId":"c3bDcEy6dB0aKuYGaGVASo"},"_trs":{"__type__":"TypedArray","ctor":"Float64Array","array":[0,0,0,0,0,0,1,1,1,1]}},{"__type__":"cc.Node","_name":"bg","_parent":{"__id__":1},"_components":[{"__type__":"cc.Sprite","node":{"__id__":2},"_materials":[{"__uuid__":"ecpdLyjvZBwrvm+cedCcQy"}],"_spriteFrame":{"__uuid__":"a2MjXRFdtLlYQ5ouAFv/+R"},"_sizeMode":0}],"_prefab":{"__type__":"cc.PrefabInfo","root":{"__id__":1},"asset":{"__uuid__":"df/Q6OtjJAgKUnNA8CEP7S"},"fileId":"c0rAhJoSlAW4+5S4GWYHDd"},"_opacity":122.4,"_color":{"__type__":"cc.Color","r":102,"g":102,"b":102},"_contentSize":{"__type__":"cc.Size","width":1080,"height":1920},"_trs":{"__type__":"TypedArray","ctor":"Float64Array","array":[0,0,0,0,0,0,1,1,1,1]}},{"__type__":"cc.Node","_name":"others","_parent":{"__id__":1},"_children":[{"__id__":4},{"__id__":6},{"__id__":7},{"__id__":11},{"__id__":12}],"_prefab":{"__type__":"cc.PrefabInfo","root":{"__id__":1},"asset":{"__uuid__":"df/Q6OtjJAgKUnNA8CEP7S"},"fileId":"53TqVaNPZOcrDJcycPo04u"},"_trs":{"__type__":"TypedArray","ctor":"Float64Array","array":[0,0,0,0,0,0,1,1,1,1]}},{"__type__":"cc.Node","_name":"uiBg","_parent":{"__id__":3},"_children":[{"__id__":5}],"_components":[{"__type__":"cc.Sprite","node":{"__id__":4},"_materials":[{"__uuid__":"ecpdLyjvZBwrvm+cedCcQy"}],"_spriteFrame":{"__uuid__":"fcE0ujdbhAd71pQstCURm4"},"_type":1}],"_prefab":{"__type__":"cc.PrefabInfo","root":{"__id__":1},"asset":{"__uuid__":"df/Q6OtjJAgKUnNA8CEP7S"},"fileId":"ecoIvP2xJEsJ2kazICrA9X"},"_contentSize":{"__type__":"cc.Size","width":921,"height":457},"_trs":{"__type__":"TypedArray","ctor":"Float64Array","array":[0,0,0,0,0,0,1,1,1,1]}},{"__type__":"cc.Node","_name":"closeButton","_parent":{"__id__":4},"_components":[{"__type__":"cc.Sprite","node":{"__id__":5},"_materials":[{"__uuid__":"ecpdLyjvZBwrvm+cedCcQy"}],"_spriteFrame":{"__uuid__":"95gnORXsJNDZJYVZOBGszH"}},{"__type__":"cc.Button","node":{"__id__":5},"_normalMaterial":{"__uuid__":"ecpdLyjvZBwrvm+cedCcQy"},"_N$transition":3,"transition":3,"_N$target":{"__id__":5}},{"__type__":"cc.Widget","node":{"__id__":5},"_alignFlags":33,"_right":2.2450000000000045,"_top":-11.15100000000001}],"_prefab":{"__type__":"cc.PrefabInfo","root":{"__id__":1},"asset":{"__uuid__":"df/Q6OtjJAgKUnNA8CEP7S"},"fileId":"54oZhKJT9FhIaL3n5MNJM0"},"_contentSize":{"__type__":"cc.Size","width":55,"height":54},"_trs":{"__type__":"TypedArray","ctor":"Float64Array","array":[430.755,212.651,0,0,0,0,1,1,1,1]}},{"__type__":"cc.Node","_name":"titleLabel","_parent":{"__id__":3},"_components":[{"__type__":"cc.Label","node":{"__id__":6},"_materials":[{"__uuid__":"ecpdLyjvZBwrvm+cedCcQy"}],"_useOriginalSize":false,"_string":"1 - 1","_N$string":"1 - 1","_fontSize":60,"_lineHeight":60,"_N$horizontalAlign":1,"_N$verticalAlign":1}],"_prefab":{"__type__":"cc.PrefabInfo","root":{"__id__":1},"asset":{"__uuid__":"df/Q6OtjJAgKUnNA8CEP7S"},"fileId":"ceh//AyeZE97Z2TG5Oj7ks"},"_color":{"__type__":"cc.Color","r":102,"g":102,"b":102},"_contentSize":{"__type__":"cc.Size","width":120.06,"height":75.6},"_anchorPoint":{"__type__":"cc.Vec2","x":0.5,"y":1},"_trs":{"__type__":"TypedArray","ctor":"Float64Array","array":[0,156.264,0,0,0,0,1,1,1,1]}},{"__type__":"cc.Node","_name":"contentSection","_parent":{"__id__":3},"_children":[{"__id__":8},{"__id__":9},{"__id__":10}],"_prefab":{"__type__":"cc.PrefabInfo","root":{"__id__":1},"asset":{"__uuid__":"df/Q6OtjJAgKUnNA8CEP7S"},"fileId":"b5SU/Y9o5CwaQzuy1gZsJu"},"_anchorPoint":{"__type__":"cc.Vec2","x":0.5,"y":1},"_trs":{"__type__":"TypedArray","ctor":"Float64Array","array":[0,0,0,0,0,0,1,1,1,1]}},{"__type__":"cc.Node","_name":"desLabel","_parent":{"__id__":7},"_components":[{"__type__":"cc.Label","node":{"__id__":8},"_materials":[{"__uuid__":"ecpdLyjvZBwrvm+cedCcQy"}],"_useOriginalSize":false,"_string":"Label","_N$string":"Label","_fontSize":50,"_lineHeight":50,"_N$verticalAlign":1,"_N$overflow":3}],"_prefab":{"__type__":"cc.PrefabInfo","root":{"__id__":1},"asset":{"__uuid__":"df/Q6OtjJAgKUnNA8CEP7S"},"fileId":"d3U/eLFSpPt6aaJEKBJCG3"},"_color":{"__type__":"cc.Color","r":102,"g":102,"b":102},"_contentSize":{"__type__":"cc.Size","width":560,"height":63},"_anchorPoint":{"__type__":"cc.Vec2","x":0.5,"y":1},"_trs":{"__type__":"TypedArray","ctor":"Float64Array","array":[0,70.171,0,0,0,0,1,1,1,1]}},{"__type__":"cc.Node","_name":"seperateLineUp","_parent":{"__id__":7},"_components":[{"__type__":"cc.Sprite","node":{"__id__":9},"_materials":[{"__uuid__":"ecpdLyjvZBwrvm+cedCcQy"}],"_spriteFrame":{"__uuid__":"a2MjXRFdtLlYQ5ouAFv/+R"},"_sizeMode":0}],"_prefab":{"__type__":"cc.PrefabInfo","root":{"__id__":1},"asset":{"__uuid__":"df/Q6OtjJAgKUnNA8CEP7S"},"fileId":"275GxXf3FA97l9N49C/8Ge"},"_color":{"__type__":"cc.Color","r":102,"g":102,"b":102},"_contentSize":{"__type__":"cc.Size","width":560,"height":1},"_anchorPoint":{"__type__":"cc.Vec2","x":0.5,"y":1},"_trs":{"__type__":"TypedArray","ctor":"Float64Array","array":[0,0,0,0,0,0,1,1,1,1]}},{"__type__":"cc.Node","_name":"seperateLineDown","_parent":{"__id__":7},"_components":[{"__type__":"cc.Sprite","node":{"__id__":10},"_materials":[{"__uuid__":"ecpdLyjvZBwrvm+cedCcQy"}],"_spriteFrame":{"__uuid__":"a2MjXRFdtLlYQ5ouAFv/+R"},"_sizeMode":0}],"_prefab":{"__type__":"cc.PrefabInfo","root":{"__id__":1},"asset":{"__uuid__":"df/Q6OtjJAgKUnNA8CEP7S"},"fileId":"9e0vKkIGNIQrxwQvWQW0cp"},"_color":{"__type__":"cc.Color","r":102,"g":102,"b":102},"_contentSize":{"__type__":"cc.Size","width":560,"height":1},"_anchorPoint":{"__type__":"cc.Vec2","x":0.5,"y":1},"_trs":{"__type__":"TypedArray","ctor":"Float64Array","array":[0,0,0,0,0,0,1,1,1,1]}},{"__type__":"cc.Node","_name":"mailSection","_parent":{"__id__":3},"_prefab":{"__type__":"cc.PrefabInfo","root":{"__id__":1},"asset":{"__uuid__":"df/Q6OtjJAgKUnNA8CEP7S"},"fileId":"e3n/5yYRBJN59ORxe0VnXZ"},"_anchorPoint":{"__type__":"cc.Vec2","x":0.5,"y":1},"_trs":{"__type__":"TypedArray","ctor":"Float64Array","array":[0,0,0,0,0,0,1,1,1,1]}},{"__type__":"cc.Node","_name":"challengeButton","_parent":{"__id__":3},"_children":[{"__id__":13},{"__id__":14},{"__id__":15}],"_components":[{"__type__":"cc.Sprite","node":{"__id__":12},"_materials":[{"__uuid__":"ecpdLyjvZBwrvm+cedCcQy"}],"_spriteFrame":{"__uuid__":"57axjgedpLKr+HWoA0BUYa"}},{"__type__":"cc.Button","node":{"__id__":12},"_normalMaterial":{"__uuid__":"ecpdLyjvZBwrvm+cedCcQy"},"clickEvents":[{"__type__":"cc.ClickEvent","target":{"__id__":1},"_componentId":"e5cd7mr4sZJ97Ekm5ipqXJu","handler":"onClick"}],"_N$transition":3,"transition":3,"_N$target":{"__id__":12}}],"_prefab":{"__type__":"cc.PrefabInfo","root":{"__id__":1},"asset":{"__uuid__":"df/Q6OtjJAgKUnNA8CEP7S"},"fileId":"53TbeKWcdPPKGGC+1Q57Mn"},"_contentSize":{"__type__":"cc.Size","width":407,"height":149},"_trs":{"__type__":"TypedArray","ctor":"Float64Array","array":[0,-98.388,0,0,0,0,1,1,1,1]}},{"__type__":"cc.Node","_name":"New Label","_parent":{"__id__":12},"_components":[{"__type__":"cc.Label","node":{"__id__":13},"_materials":[{"__uuid__":"ecpdLyjvZBwrvm+cedCcQy"}],"_useOriginalSize":false,"_string":"挑战","_N$string":"挑战","_fontSize":50,"_lineHeight":50,"_N$horizontalAlign":1,"_N$verticalAlign":1}],"_prefab":{"__type__":"cc.PrefabInfo","root":{"__id__":1},"asset":{"__uuid__":"df/Q6OtjJAgKUnNA8CEP7S"},"fileId":"efD+LpKdpPx5oQ2Lxl98cH"},"_color":{"__type__":"cc.Color","r":102,"g":102,"b":102},"_contentSize":{"__type__":"cc.Size","width":100,"height":63},"_trs":{"__type__":"TypedArray","ctor":"Float64Array","array":[-41.226,0,0,0,0,0,1,1,1,1]}},{"__type__":"cc.Node","_name":"costIcon","_parent":{"__id__":12},"_components":[{"__type__":"cc.Sprite","node":{"__id__":14},"_materials":[{"__uuid__":"ecpdLyjvZBwrvm+cedCcQy"}],"_spriteFrame":{"__uuid__":"73S4y4PytM5oNU8UfzpHJd"}}],"_prefab":{"__type__":"cc.PrefabInfo","root":{"__id__":1},"asset":{"__uuid__":"df/Q6OtjJAgKUnNA8CEP7S"},"fileId":"64oG6l6r5A7aW035S+pH4c"},"_contentSize":{"__type__":"cc.Size","width":60,"height":60},"_trs":{"__type__":"TypedArray","ctor":"Float64Array","array":[72.79,0,0,0,0,0,1,1,1,1]}},{"__type__":"cc.Node","_name":"costLabel","_parent":{"__id__":12},"_components":[{"__type__":"cc.Label","node":{"__id__":15},"_materials":[{"__uuid__":"ecpdLyjvZBwrvm+cedCcQy"}],"_useOriginalSize":false,"_string":"10","_N$string":"10","_fontSize":50,"_lineHeight":50,"_N$verticalAlign":1}],"_prefab":{"__type__":"cc.PrefabInfo","root":{"__id__":1},"asset":{"__uuid__":"df/Q6OtjJAgKUnNA8CEP7S"},"fileId":"23J2KzQ+JCTIgwdhJpnn0n"},"_color":{"__type__":"cc.Color","r":102,"g":102,"b":102},"_contentSize":{"__type__":"cc.Size","width":55.62,"height":63},"_anchorPoint":{"__type__":"cc.Vec2","y":0.5},"_trs":{"__type__":"TypedArray","ctor":"Float64Array","array":[115.777,0,0,0,0,0,1,1,1,1]}}],{"__type__":"cc.SpriteFrame","content":{"name":"welfaryBg","texture":"c35/LkAWRKHrlQJM+F/pN/","rect":[0,0,921,457],"offset":[0,0],"originalSize":[921,457],"capInsets":[39,39,36,48]}}]