[[{"__type__":"cc.Prefab","_name":"selectSectionUI","data":{"__id__":1}},{"__type__":"cc.Node","_name":"selectSectionUI","_children":[{"__id__":2},{"__id__":3}],"_components":[{"__type__":"d2250CWPMpIRr7o+jf81yog","node":{"__id__":1},"containerContentNode":{"__id__":8},"closeButtonNode":{"__id__":5},"bgNode":{"__id__":2},"othersNode":{"__id__":3},"elementPrefab":{"__uuid__":"993njXeyJNwLeAt2txuqg5"}}],"_prefab":{"__type__":"cc.PrefabInfo","root":{"__id__":1},"asset":{"__uuid__":"2aKNtVUIVH6KZ4A+pMDt6k"},"fileId":"7ft2OIEuZNW5XNVXjawgaz"},"_trs":{"__type__":"TypedArray","ctor":"Float64Array","array":[0,0,0,0,0,0,1,1,1,1]}},{"__type__":"cc.Node","_name":"bg","_parent":{"__id__":1},"_components":[{"__type__":"cc.Sprite","node":{"__id__":2},"_materials":[{"__uuid__":"ecpdLyjvZBwrvm+cedCcQy"}],"_spriteFrame":{"__uuid__":"a2MjXRFdtLlYQ5ouAFv/+R"},"_sizeMode":0}],"_prefab":{"__type__":"cc.PrefabInfo","root":{"__id__":1},"asset":{"__uuid__":"2aKNtVUIVH6KZ4A+pMDt6k"},"fileId":"86nYyzx1pPmpfbC5STshNg"},"_opacity":122.4,"_color":{"__type__":"cc.Color","r":102,"g":102,"b":102},"_contentSize":{"__type__":"cc.Size","width":1080,"height":1920},"_trs":{"__type__":"TypedArray","ctor":"Float64Array","array":[0,0,0,0,0,0,1,1,1,1]}},{"__type__":"cc.Node","_name":"others","_parent":{"__id__":1},"_children":[{"__id__":4},{"__id__":5},{"__id__":6}],"_prefab":{"__type__":"cc.PrefabInfo","root":{"__id__":1},"asset":{"__uuid__":"2aKNtVUIVH6KZ4A+pMDt6k"},"fileId":"b8LNrjtRpPoIWqhekwfFZZ"},"_trs":{"__type__":"TypedArray","ctor":"Float64Array","array":[0,0,0,0,0,0,1,1,1,1]}},{"__type__":"cc.Node","_name":"uiBg","_parent":{"__id__":3},"_components":[{"__type__":"cc.Sprite","node":{"__id__":4},"_materials":[{"__uuid__":"ecpdLyjvZBwrvm+cedCcQy"}],"_spriteFrame":{"__uuid__":"fcE0ujdbhAd71pQstCURm4"},"_type":1,"_sizeMode":0}],"_prefab":{"__type__":"cc.PrefabInfo","root":{"__id__":1},"asset":{"__uuid__":"2aKNtVUIVH6KZ4A+pMDt6k"},"fileId":"02HQ/lR3dEA5LnnP5x53nU"},"_contentSize":{"__type__":"cc.Size","width":921,"height":1278},"_trs":{"__type__":"TypedArray","ctor":"Float64Array","array":[0,0,0,0,0,0,1,1,1,1]}},{"__type__":"cc.Node","_name":"closeButton","_parent":{"__id__":3},"_components":[{"__type__":"cc.Sprite","node":{"__id__":5},"_materials":[{"__uuid__":"ecpdLyjvZBwrvm+cedCcQy"}],"_spriteFrame":{"__uuid__":"95gnORXsJNDZJYVZOBGszH"}}],"_prefab":{"__type__":"cc.PrefabInfo","root":{"__id__":1},"asset":{"__uuid__":"2aKNtVUIVH6KZ4A+pMDt6k"},"fileId":"08jAVTfnRKhowacIAvX6L3"},"_contentSize":{"__type__":"cc.Size","width":55,"height":54},"_trs":{"__type__":"TypedArray","ctor":"Float64Array","array":[429.871,636.209,0,0,0,0,1,1,1,1]}},{"__type__":"cc.Node","_name":"scrollContainer","_parent":{"__id__":3},"_children":[{"__id__":7}],"_components":[{"__type__":"cc.Sprite","node":{"__id__":6},"_enabled":false,"_materials":[{"__uuid__":"ecpdLyjvZBwrvm+cedCcQy"}],"_spriteFrame":{"__uuid__":"9bvaMerUlDyary99mJa6xp"},"_type":1,"_sizeMode":0},{"__type__":"cc.ScrollView","node":{"__id__":6},"horizontal":false,"inertia":false,"brake":0.75,"bounceDuration":0.23,"_N$content":{"__id__":8},"content":{"__id__":8},"_N$horizontalScrollBar":null,"_N$verticalScrollBar":null}],"_prefab":{"__type__":"cc.PrefabInfo","root":{"__id__":1},"asset":{"__uuid__":"2aKNtVUIVH6KZ4A+pMDt6k"},"fileId":"b1ZAwNSpVFKY+mJ2IpsJEG"},"_contentSize":{"__type__":"cc.Size","width":921,"height":1154},"_anchorPoint":{"__type__":"cc.Vec2","x":0.5},"_trs":{"__type__":"TypedArray","ctor":"Float64Array","array":[0,-577,0,0,0,0,1,1,1,1]}},{"__type__":"cc.Node","_name":"view","_parent":{"__id__":6},"_children":[{"__id__":8}],"_components":[{"__type__":"cc.Mask","node":{"__id__":7},"_materials":[{"__uuid__":"ecpdLyjvZBwrvm+cedCcQy"}],"_N$alphaThreshold":0}],"_prefab":{"__type__":"cc.PrefabInfo","root":{"__id__":1},"asset":{"__uuid__":"2aKNtVUIVH6KZ4A+pMDt6k"},"fileId":"ffWt38dVNCibFpS/pqrcWI"},"_contentSize":{"__type__":"cc.Size","width":760,"height":1154},"_anchorPoint":{"__type__":"cc.Vec2","x":0.5},"_trs":{"__type__":"TypedArray","ctor":"Float64Array","array":[0,0,0,0,0,0,1,1,1,1]}},{"__type__":"cc.Node","_name":"content","_parent":{"__id__":7},"_prefab":{"__type__":"cc.PrefabInfo","root":{"__id__":1},"asset":{"__uuid__":"2aKNtVUIVH6KZ4A+pMDt6k"},"fileId":"78wlvVQyZDl7sMfi3Ps+41"},"_contentSize":{"__type__":"cc.Size","width":760,"height":1154},"_anchorPoint":{"__type__":"cc.Vec2","x":0.5},"_trs":{"__type__":"TypedArray","ctor":"Float64Array","array":[0,0,0,0,0,0,1,1,1,1]}}],{"__type__":"cc.SpriteFrame","content":{"name":"processBase_bar","texture":"49ducyYg9C4oxN0cMqPrI2","rect":[0,0,60,33],"offset":[0,0],"originalSize":[60,33],"capInsets":[13,10,13,10]}},{"__type__":"cc.SpriteFrame","content":{"name":"levelNode_gray","texture":"7864CUtWxBhalpLrgRu1uM","rect":[0,0,112,112],"offset":[0,0],"originalSize":[112,112],"capInsets":[0,0,0,0]}},{"__type__":"cc.SpriteFrame","content":{"name":"levelNode_normal","texture":"99Fpb4y9BCVI8C9Tp4+MCn","rect":[0,0,112,112],"offset":[0,0],"originalSize":[112,112],"capInsets":[0,0,0,0]}},{"__type__":"cc.SpriteFrame","content":{"name":"close","texture":"f9pegOetBJ5rSlzJ2ng1Yu","rect":[0,0,55,54],"offset":[0,0],"originalSize":[55,54],"capInsets":[0,0,0,0]}},[{"__type__":"cc.Prefab","_name":"selectSectionUIElement","data":{"__id__":1}},{"__type__":"cc.Node","_name":"selectSectionUIElement","_children":[{"__id__":2},{"__id__":4},{"__id__":5},{"__id__":6},{"__id__":10}],"_components":[{"__type__":"cc.Button","node":{"__id__":1},"clickEvents":[{"__type__":"cc.ClickEvent","target":{"__id__":1},"_componentId":"db60cQ2kgJNgK6qR9e+RnsV","handler":"onClick"}],"_N$target":{"__id__":1}},{"__type__":"db60cQ2kgJNgK6qR9e+RnsV","node":{"__id__":1},"processBarNode":{"__id__":6},"processLabelNode":{"__id__":9},"iconNode":{"__id__":2},"iconLabelNode":{"__id__":3},"nameLabelNode":{"__id__":4},"lockedIconSpriteFrame":{"__uuid__":"7aj9juuINM3ovGLA1oT+4T"}}],"_prefab":{"__type__":"cc.PrefabInfo","root":{"__id__":1},"asset":{"__uuid__":"993njXeyJNwLeAt2txuqg5"},"fileId":"4eM1ll5UpPh6Z0wKDV4GnL"},"_contentSize":{"__type__":"cc.Size","width":760,"height":178},"_anchorPoint":{"__type__":"cc.Vec2","x":0.5},"_trs":{"__type__":"TypedArray","ctor":"Float64Array","array":[0,0,0,0,0,0,1,1,1,1]}},{"__type__":"cc.Node","_name":"sectionIcon","_parent":{"__id__":1},"_children":[{"__id__":3}],"_components":[{"__type__":"cc.Sprite","node":{"__id__":2},"_materials":[{"__uuid__":"ecpdLyjvZBwrvm+cedCcQy"}],"_spriteFrame":{"__uuid__":"87idzUSwpPmqeN+7K7uf5B"},"_sizeMode":0}],"_prefab":{"__type__":"cc.PrefabInfo","root":{"__id__":1},"asset":{"__uuid__":"993njXeyJNwLeAt2txuqg5"},"fileId":"c275ZrudtHtZTA6X+UOzvY"},"_contentSize":{"__type__":"cc.Size","width":120,"height":120},"_trs":{"__type__":"TypedArray","ctor":"Float64Array","array":[-320,108,0,0,0,0,1,1,1,1]}},{"__type__":"cc.Node","_name":"sectionLabel","_parent":{"__id__":2},"_components":[{"__type__":"cc.Label","node":{"__id__":3},"_materials":[{"__uuid__":"ecpdLyjvZBwrvm+cedCcQy"}],"_useOriginalSize":false,"_string":"1","_N$string":"1","_fontSize":50,"_lineHeight":50,"_N$horizontalAlign":1,"_N$verticalAlign":1}],"_prefab":{"__type__":"cc.PrefabInfo","root":{"__id__":1},"asset":{"__uuid__":"993njXeyJNwLeAt2txuqg5"},"fileId":"afkPvlifNPmqCviAGsGXqu"},"_color":{"__type__":"cc.Color","r":102,"g":102,"b":102},"_contentSize":{"__type__":"cc.Size","width":27.81,"height":63},"_trs":{"__type__":"TypedArray","ctor":"Float64Array","array":[0,0,0,0,0,0,1,1,1,1]}},{"__type__":"cc.Node","_name":"sectionNameLabel","_parent":{"__id__":1},"_components":[{"__type__":"cc.Label","node":{"__id__":4},"_materials":[{"__uuid__":"ecpdLyjvZBwrvm+cedCcQy"}],"_useOriginalSize":false,"_string":"新的旅途","_N$string":"新的旅途","_fontSize":50,"_lineHeight":55,"_N$verticalAlign":1}],"_prefab":{"__type__":"cc.PrefabInfo","root":{"__id__":1},"asset":{"__uuid__":"993njXeyJNwLeAt2txuqg5"},"fileId":"fcxwl1eUtI+IdeXRkbg3CW"},"_color":{"__type__":"cc.Color","r":102,"g":102,"b":102},"_contentSize":{"__type__":"cc.Size","width":200,"height":69.3},"_anchorPoint":{"__type__":"cc.Vec2","y":1},"_trs":{"__type__":"TypedArray","ctor":"Float64Array","array":[-209,168,0,0,0,0,1,1,1,1]}},{"__type__":"cc.Node","_name":"mailIcon","_parent":{"__id__":1},"_components":[{"__type__":"cc.Sprite","node":{"__id__":5},"_materials":[{"__uuid__":"ecpdLyjvZBwrvm+cedCcQy"}],"_spriteFrame":{"__uuid__":"b3x8pytl5Me6UrCwCt+7F1"}}],"_prefab":{"__type__":"cc.PrefabInfo","root":{"__id__":1},"asset":{"__uuid__":"993njXeyJNwLeAt2txuqg5"},"fileId":"513l/tZtpEPbun6zMlYvPj"},"_contentSize":{"__type__":"cc.Size","width":81,"height":33},"_anchorPoint":{"__type__":"cc.Vec2","y":1},"_trs":{"__type__":"TypedArray","ctor":"Float64Array","array":[-209,83.411,0,0,0,0,1,1,1,1]}},{"__type__":"cc.Node","_name":"mailProcessBar","_parent":{"__id__":1},"_children":[{"__id__":7},{"__id__":9}],"_components":[{"__type__":"cc.Sprite","node":{"__id__":6},"_materials":[{"__uuid__":"ecpdLyjvZBwrvm+cedCcQy"}],"_spriteFrame":{"__uuid__":"e0A8Ph6MdLcqHMr4n5w3LI"},"_type":1,"_sizeMode":0},{"__type__":"cc.ProgressBar","node":{"__id__":6},"_N$totalLength":378,"_N$barSprite":{"__id__":8},"_N$progress":0.7}],"_prefab":{"__type__":"cc.PrefabInfo","root":{"__id__":1},"asset":{"__uuid__":"993njXeyJNwLeAt2txuqg5"},"fileId":"f6FxxFgJdH3aqtEChCR0yg"},"_contentSize":{"__type__":"cc.Size","width":378,"height":33},"_trs":{"__type__":"TypedArray","ctor":"Float64Array","array":[75.239,66.115,0,0,0,0,1,1,1,1]}},{"__type__":"cc.Node","_name":"processBase_bar","_parent":{"__id__":6},"_components":[{"__id__":8}],"_prefab":{"__type__":"cc.PrefabInfo","root":{"__id__":1},"asset":{"__uuid__":"993njXeyJNwLeAt2txuqg5"},"fileId":"8dXAn101tNPY+JJAzosXnr"},"_contentSize":{"__type__":"cc.Size","width":264.59999999999997,"height":33},"_anchorPoint":{"__type__":"cc.Vec2","y":0.5},"_trs":{"__type__":"TypedArray","ctor":"Float64Array","array":[-189,0,0,0,0,0,1,1,1,1]}},{"__type__":"cc.Sprite","node":{"__id__":7},"_materials":[{"__uuid__":"ecpdLyjvZBwrvm+cedCcQy"}],"_spriteFrame":{"__uuid__":"34Iyav26RO/6NFdalO5m2p"},"_type":1,"_sizeMode":0},{"__type__":"cc.Node","_name":"text","_parent":{"__id__":6},"_components":[{"__type__":"cc.Label","node":{"__id__":9},"_materials":[{"__uuid__":"ecpdLyjvZBwrvm+cedCcQy"}],"_useOriginalSize":false,"_string":"10 / 20","_N$string":"10 / 20","_fontSize":25,"_lineHeight":25,"_N$horizontalAlign":1,"_N$verticalAlign":1}],"_prefab":{"__type__":"cc.PrefabInfo","root":{"__id__":1},"asset":{"__uuid__":"993njXeyJNwLeAt2txuqg5"},"fileId":"a4iEQ5P/BAUbFMmD4pcwtO"},"_color":{"__type__":"cc.Color","r":5,"g":5,"b":5},"_contentSize":{"__type__":"cc.Size","width":76.45,"height":31.5},"_trs":{"__type__":"TypedArray","ctor":"Float64Array","array":[0,0,0,0,0,0,1,1,1,1]}},{"__type__":"cc.Node","_name":"seperateLine","_parent":{"__id__":1},"_components":[{"__type__":"cc.Sprite","node":{"__id__":10},"_materials":[{"__uuid__":"ecpdLyjvZBwrvm+cedCcQy"}],"_spriteFrame":{"__uuid__":"a2MjXRFdtLlYQ5ouAFv/+R"},"_sizeMode":0}],"_prefab":{"__type__":"cc.PrefabInfo","root":{"__id__":1},"asset":{"__uuid__":"993njXeyJNwLeAt2txuqg5"},"fileId":"43MxjloQdJAKnRgsXA3bbb"},"_color":{"__type__":"cc.Color","r":102,"g":102,"b":102},"_contentSize":{"__type__":"cc.Size","width":741,"height":2},"_anchorPoint":{"__type__":"cc.Vec2","x":0.5},"_trs":{"__type__":"TypedArray","ctor":"Float64Array","array":[0,0,0,0,0,0,1,1,1,1]}}],{"__type__":"cc.SpriteFrame","content":{"name":"default_panel","texture":"d8HsitJHxOYqo801xBk8ev","rect":[0,0,20,20],"offset":[0,0],"originalSize":[20,20],"capInsets":[6,6,6,6]}},{"__type__":"cc.SpriteFrame","content":{"name":"default_sprite_splash","texture":"02delMVqdBD70a/HSD99FK","rect":[0,0,2,2],"offset":[0,0],"originalSize":[2,2],"capInsets":[0,0,0,0]}},{"__type__":"cc.SpriteFrame","content":{"name":"mailTag_send","texture":"8czC14Y9VAa6wQOtEcotFm","rect":[0,0,81,33],"offset":[0,0],"originalSize":[81,33],"capInsets":[0,0,0,0]}},{"__type__":"cc.SpriteFrame","content":{"name":"processBase_base","texture":"00vv4tSBVOmJjsENNC608z","rect":[0,0,62,35],"offset":[0,0],"originalSize":[62,35],"capInsets":[13,10,13,10]}},{"__type__":"cc.SpriteFrame","content":{"name":"welfaryBg","texture":"c35/LkAWRKHrlQJM+F/pN/","rect":[0,0,921,457],"offset":[0,0],"originalSize":[921,457],"capInsets":[39,39,36,48]}}]