[{"__type__":"cc.SpriteFrame","content":{"name":"bullet_slider","texture":"0enrnIW5RLaJK2rqDw9K8k","rect":[0,0,100,100],"offset":[0,0],"originalSize":[100,100],"capInsets":[5,5,5,5]}},{"__type__":"cc.SpriteFrame","content":{"name":"bullet_normal","texture":"89J9FotLVLfKUPXBomx5Xz","rect":[0,0,100,100],"offset":[0,0],"originalSize":[100,100],"capInsets":[5,5,5,5]}},[{"__type__":"cc.Prefab","_name":"bullet","data":{"__id__":1}},{"__type__":"cc.Node","_name":"bullet","_components":[{"__type__":"cc.Sprite","node":{"__id__":1},"_materials":[{"__uuid__":"ecpdLyjvZBwrvm+cedCcQy"}],"_spriteFrame":{"__uuid__":"50o8Wt2fBKOqGEKgOXDDYU"}},{"__type__":"eb08bsyH2tHY7xzE8jRRDlt","node":{"__id__":1},"sliderFrame":{"__uuid__":"2doAW5JftHfZ317leDO4qC"}}],"_prefab":{"__type__":"cc.PrefabInfo","root":{"__id__":1},"asset":{"__uuid__":"b5VVNTLSZBH4MLg/XZd1Uj"},"fileId":"41RTJZeL5HfpEzo32CVwVX"},"_contentSize":{"__type__":"cc.Size","width":100,"height":100},"_trs":{"__type__":"TypedArray","ctor":"Float64Array","array":[0,0,0,0,0,0,1,1,1,1]}}]]