[[{"__type__":"cc.Prefab","_name":"mailNode","data":{"__id__":1}},{"__type__":"cc.Node","_name":"mailNode","_children":[{"__id__":2},{"__id__":3}],"_components":[{"__type__":"16bb9ye6UBAebul1F7cBbyY","node":{"__id__":1},"mailOptionNodePrefab":{"__uuid__":"457SN1W5xJo7O1vxy7iebk"}}],"_prefab":{"__type__":"cc.PrefabInfo","root":{"__id__":1},"asset":{"__uuid__":"0bwSyjcNdI2rTOeES1EE35"},"fileId":"88w7iZk55DKoltQMrnxf3r"},"_trs":{"__type__":"TypedArray","ctor":"Float64Array","array":[0,0,0,0,0,0,1,1,1,1]}},{"__type__":"cc.Node","_name":"bg","_parent":{"__id__":1},"_components":[{"__type__":"cc.Sprite","node":{"__id__":2},"_materials":[{"__uuid__":"ecpdLyjvZBwrvm+cedCcQy"}],"_spriteFrame":{"__uuid__":"a2MjXRFdtLlYQ5ouAFv/+R"},"_sizeMode":0}],"_prefab":{"__type__":"cc.PrefabInfo","root":{"__id__":1},"asset":{"__uuid__":"0bwSyjcNdI2rTOeES1EE35"},"fileId":"9bx/FP5pZBqpb9G0GF9J6w"},"_opacity":121,"_color":{"__type__":"cc.Color","r":32,"g":32,"b":32},"_contentSize":{"__type__":"cc.Size","width":1080,"height":1920},"_trs":{"__type__":"TypedArray","ctor":"Float64Array","array":[0,0,0,0,0,0,1,1,1,1]}},{"__type__":"cc.Node","_name":"others","_parent":{"__id__":1},"_children":[{"__id__":4},{"__id__":5},{"__type__":"cc.Node","_name":"optionSection","_parent":{"__id__":3},"_prefab":{"__type__":"cc.PrefabInfo","root":{"__id__":1},"asset":{"__uuid__":"0bwSyjcNdI2rTOeES1EE35"},"fileId":"8bthzxArlPUZ6xDXLGC56D"},"_contentSize":{"__type__":"cc.Size","width":454},"_anchorPoint":{"__type__":"cc.Vec2","x":0.5,"y":1},"_trs":{"__type__":"TypedArray","ctor":"Float64Array","array":[0,-699.165,0,0,0,0,1,1,1,1]}}],"_prefab":{"__type__":"cc.PrefabInfo","root":{"__id__":1},"asset":{"__uuid__":"0bwSyjcNdI2rTOeES1EE35"},"fileId":"84HYRJjDBIgZJGxu/KI9Kl"},"_trs":{"__type__":"TypedArray","ctor":"Float64Array","array":[0,0,0,0,0,0,1,1,1,1]}},{"__type__":"cc.Node","_name":"uibg","_parent":{"__id__":3},"_components":[{"__type__":"cc.Sprite","node":{"__id__":4},"_materials":[{"__uuid__":"ecpdLyjvZBwrvm+cedCcQy"}],"_spriteFrame":{"__uuid__":"fcE0ujdbhAd71pQstCURm4"},"_type":1,"_sizeMode":0}],"_prefab":{"__type__":"cc.PrefabInfo","root":{"__id__":1},"asset":{"__uuid__":"0bwSyjcNdI2rTOeES1EE35"},"fileId":"ccJjh3HgJKRLul6A77Cdrv"},"_contentSize":{"__type__":"cc.Size","width":1008,"height":1635},"_trs":{"__type__":"TypedArray","ctor":"Float64Array","array":[0,0,0,0,0,0,1,1,1,1]}},{"__type__":"cc.Node","_name":"contentSection","_parent":{"__id__":3},"_children":[{"__id__":6}],"_components":[{"__type__":"cc.Sprite","node":{"__id__":5},"_enabled":false,"_materials":[{"__uuid__":"ecpdLyjvZBwrvm+cedCcQy"}],"_spriteFrame":{"__uuid__":"9bvaMerUlDyary99mJa6xp"},"_type":1,"_sizeMode":0},{"__type__":"cc.ScrollView","node":{"__id__":5},"horizontal":false,"brake":0.75,"bounceDuration":0.23,"_N$content":{"__id__":7},"content":{"__id__":7},"_N$horizontalScrollBar":null,"_N$verticalScrollBar":null}],"_prefab":{"__type__":"cc.PrefabInfo","root":{"__id__":1},"asset":{"__uuid__":"0bwSyjcNdI2rTOeES1EE35"},"fileId":"e6ebRoR6VLU4TAi5bgp8lV"},"_contentSize":{"__type__":"cc.Size","width":850,"height":1000},"_anchorPoint":{"__type__":"cc.Vec2","x":0.5,"y":1},"_trs":{"__type__":"TypedArray","ctor":"Float64Array","array":[0,700.835,0,0,0,0,1,1,1,1]}},{"__type__":"cc.Node","_name":"view","_parent":{"__id__":5},"_children":[{"__id__":7}],"_components":[{"__type__":"cc.Mask","node":{"__id__":6},"_materials":[{"__uuid__":"ecpdLyjvZBwrvm+cedCcQy"}],"_N$alphaThreshold":0}],"_prefab":{"__type__":"cc.PrefabInfo","root":{"__id__":1},"asset":{"__uuid__":"0bwSyjcNdI2rTOeES1EE35"},"fileId":"5cK0xkjL9GvbjsaK/JHCsQ"},"_contentSize":{"__type__":"cc.Size","width":850,"height":1000},"_anchorPoint":{"__type__":"cc.Vec2","x":0.5,"y":1},"_trs":{"__type__":"TypedArray","ctor":"Float64Array","array":[0,0,0,0,0,0,1,1,1,1]}},{"__type__":"cc.Node","_name":"content","_parent":{"__id__":6},"_children":[{"__id__":8},{"__id__":9}],"_prefab":{"__type__":"cc.PrefabInfo","root":{"__id__":1},"asset":{"__uuid__":"0bwSyjcNdI2rTOeES1EE35"},"fileId":"9c7dcoiwZHYKkAf/W2MvnR"},"_contentSize":{"__type__":"cc.Size","width":850,"height":400},"_anchorPoint":{"__type__":"cc.Vec2","x":0.5,"y":1},"_trs":{"__type__":"TypedArray","ctor":"Float64Array","array":[0,0,0,0,0,0,1,1,1,1]}},{"__type__":"cc.Node","_name":"titleLabel","_parent":{"__id__":7},"_components":[{"__type__":"cc.Label","node":{"__id__":8},"_materials":[{"__uuid__":"ecpdLyjvZBwrvm+cedCcQy"}],"_useOriginalSize":false,"_string":"这是一个标题哈哈哈哈哈","_N$string":"这是一个标题哈哈哈哈哈","_fontSize":50,"_lineHeight":60,"_N$verticalAlign":1,"_N$fontFamily":"NotoSansHans-Bold"}],"_prefab":{"__type__":"cc.PrefabInfo","root":{"__id__":1},"asset":{"__uuid__":"0bwSyjcNdI2rTOeES1EE35"},"fileId":"11jOdzJepOyphIVgBb0H8K"},"_color":{"__type__":"cc.Color","r":10,"g":10,"b":10},"_contentSize":{"__type__":"cc.Size","width":550,"height":75.6},"_anchorPoint":{"__type__":"cc.Vec2","y":1},"_trs":{"__type__":"TypedArray","ctor":"Float64Array","array":[-421.65,0,0,0,0,0,1,1,1,1]}},{"__type__":"cc.Node","_name":"contentLabel","_parent":{"__id__":7},"_components":[{"__type__":"cc.Label","node":{"__id__":9},"_materials":[{"__uuid__":"ecpdLyjvZBwrvm+cedCcQy"}],"_useOriginalSize":false,"_string":"这是一个标题哈哈哈哈哈,最大宽度是这里么？就这里吧 ","_N$string":"这是一个标题哈哈哈哈哈,最大宽度是这里么？就这里吧 ","_lineHeight":60,"_N$fontFamily":"NotoSansHans-Light","_N$overflow":3}],"_prefab":{"__type__":"cc.PrefabInfo","root":{"__id__":1},"asset":{"__uuid__":"0bwSyjcNdI2rTOeES1EE35"},"fileId":"80WRQJXHNCQ4xzSpr52nf2"},"_color":{"__type__":"cc.Color","r":10,"g":10,"b":10},"_contentSize":{"__type__":"cc.Size","width":850,"height":135.6},"_anchorPoint":{"__type__":"cc.Vec2","y":1},"_trs":{"__type__":"TypedArray","ctor":"Float64Array","array":[-421.65,-134.272,0,0,0,0,1,1,1,1]}}],{"__type__":"cc.SpriteFrame","content":{"name":"mail_unRead","texture":"0bxY/RwK9ApKGeqTCv/HJa","rect":[0,0,60,46],"offset":[0,0],"originalSize":[60,46],"capInsets":[0,0,0,0]}},{"__type__":"cc.SpriteFrame","content":{"name":"mail_readed","texture":"3cWcI9cR9Ev70pS7626HYu","rect":[0,0,60,52],"offset":[0,0],"originalSize":[60,52],"capInsets":[0,0,0,0]}},[{"__type__":"cc.Prefab","_name":"mailOptionNode","data":{"__id__":1}},{"__type__":"cc.Node","_name":"mailOptionNode","_children":[{"__id__":2},{"__id__":3},{"__id__":4}],"_components":[{"__type__":"cc.Button","node":{"__id__":1},"_N$transition":3,"transition":3,"_N$target":{"__id__":1}}],"_prefab":{"__type__":"cc.PrefabInfo","root":{"__id__":1},"asset":{"__uuid__":"457SN1W5xJo7O1vxy7iebk"},"fileId":"ab/zaCt/FKK61VMKq47G9n"},"_anchorPoint":{"__type__":"cc.Vec2","x":0.5,"y":1},"_trs":{"__type__":"TypedArray","ctor":"Float64Array","array":[0,0,0,0,0,0,1,1,1,1]}},{"__type__":"cc.Node","_name":"bg","_parent":{"__id__":1},"_components":[{"__type__":"cc.Sprite","node":{"__id__":2},"_materials":[{"__uuid__":"ecpdLyjvZBwrvm+cedCcQy"}],"_spriteFrame":{"__uuid__":"ef3basHj1Bk4d3A+Lm226R"},"_type":1,"_sizeMode":0}],"_prefab":{"__type__":"cc.PrefabInfo","root":{"__id__":1},"asset":{"__uuid__":"457SN1W5xJo7O1vxy7iebk"},"fileId":"557GV00oNGNosMNWmpo4Vd"},"_contentSize":{"__type__":"cc.Size","width":454,"height":75.6},"_anchorPoint":{"__type__":"cc.Vec2","x":0.5,"y":1},"_trs":{"__type__":"TypedArray","ctor":"Float64Array","array":[0,0,0,0,0,0,1,1,1,1]}},{"__type__":"cc.Node","_name":"bg_readed","_parent":{"__id__":1},"_active":false,"_components":[{"__type__":"cc.Sprite","node":{"__id__":3},"_materials":[{"__uuid__":"ecpdLyjvZBwrvm+cedCcQy"}],"_spriteFrame":{"__uuid__":"76aPjq8ohLNKCNqt3W/fwT"},"_type":1,"_sizeMode":0}],"_prefab":{"__type__":"cc.PrefabInfo","root":{"__id__":1},"asset":{"__uuid__":"457SN1W5xJo7O1vxy7iebk"},"fileId":"3fbpcx3B9Nk4HxJ34CHF0Q"},"_contentSize":{"__type__":"cc.Size","width":454,"height":75.6},"_anchorPoint":{"__type__":"cc.Vec2","x":0.5,"y":1},"_trs":{"__type__":"TypedArray","ctor":"Float64Array","array":[0,0,0,0,0,0,1,1,1,1]}},{"__type__":"cc.Node","_name":"label","_parent":{"__id__":1},"_components":[{"__type__":"cc.Label","node":{"__id__":4},"_materials":[{"__uuid__":"ecpdLyjvZBwrvm+cedCcQy"}],"_useOriginalSize":false,"_string":"我明白了","_N$string":"我明白了","_lineHeight":60,"_N$horizontalAlign":1,"_N$verticalAlign":1,"_N$fontFamily":"NotoSansHans-Regular","_N$overflow":3}],"_prefab":{"__type__":"cc.PrefabInfo","root":{"__id__":1},"asset":{"__uuid__":"457SN1W5xJo7O1vxy7iebk"},"fileId":"2crlqgnV9A3Y0eKcWcnIRL"},"_color":{"__type__":"cc.Color","r":14,"g":13,"b":13},"_contentSize":{"__type__":"cc.Size","width":454,"height":75.6},"_anchorPoint":{"__type__":"cc.Vec2","x":0.5,"y":1},"_trs":{"__type__":"TypedArray","ctor":"Float64Array","array":[0,0,0,0,0,0,1,1,1,1]}}],[{"__type__":"cc.Prefab","_name":"mailSysUI","data":{"__id__":1}},{"__type__":"cc.Node","_name":"mailSysUI","_children":[{"__id__":2},{"__id__":3}],"_components":[{"__type__":"465278Wd2tOJrFKJYgx+b6s","node":{"__id__":1},"uibg":{"__id__":4},"closeButtonNode":{"__id__":5},"tagSection":{"__id__":7},"mailSection":{"__id__":8},"notiSection":{"__id__":13},"mailSectionContentNode":{"__id__":11},"mailSectionEmptyLabelNode":{"__id__":12},"mailSectionPrefab":{"__uuid__":"aaNfyQVwVHFKi80Pp9wiyW"},"tagSectionPrefab":{"__uuid__":"e6Q7cptOtMrY9rDu6ZCKOF"},"selectedTagEffectPrefab":{"__uuid__":"7eQnIEGsRIHoFFh8ISHDN+"},"opendMailPrefab":{"__uuid__":"0bwSyjcNdI2rTOeES1EE35"},"mailsByTag":{},"unReadedMailNums":{}}],"_prefab":{"__type__":"cc.PrefabInfo","root":{"__id__":1},"asset":{"__uuid__":"48Y/KC3PZJr49AzxHucan4"},"fileId":"00g5zJfq1CfrcQ9AxWL1yo"},"_trs":{"__type__":"TypedArray","ctor":"Float64Array","array":[0,0,0,0,0,0,1,1,1,1]}},{"__type__":"cc.Node","_name":"bg","_parent":{"__id__":1},"_components":[{"__type__":"cc.Sprite","node":{"__id__":2},"_materials":[{"__uuid__":"ecpdLyjvZBwrvm+cedCcQy"}],"_spriteFrame":{"__uuid__":"a2MjXRFdtLlYQ5ouAFv/+R"},"_sizeMode":0}],"_prefab":{"__type__":"cc.PrefabInfo","root":{"__id__":1},"asset":{"__uuid__":"48Y/KC3PZJr49AzxHucan4"},"fileId":"e3L5SkSjhAKL3tt2MRH4ji"},"_opacity":121,"_color":{"__type__":"cc.Color","r":32,"g":32,"b":32},"_contentSize":{"__type__":"cc.Size","width":1080,"height":1920},"_trs":{"__type__":"TypedArray","ctor":"Float64Array","array":[0,0,0,0,0,0,1,1,1,1]}},{"__type__":"cc.Node","_name":"others","_parent":{"__id__":1},"_children":[{"__id__":4},{"__id__":5},{"__id__":6},{"__id__":7},{"__id__":8},{"__id__":13}],"_prefab":{"__type__":"cc.PrefabInfo","root":{"__id__":1},"asset":{"__uuid__":"48Y/KC3PZJr49AzxHucan4"},"fileId":"e2uJS+O5tHSrhyHOL7CERf"},"_trs":{"__type__":"TypedArray","ctor":"Float64Array","array":[0,0,0,0,0,0,1,1,1,1]}},{"__type__":"cc.Node","_name":"uibg","_parent":{"__id__":3},"_components":[{"__type__":"cc.Sprite","node":{"__id__":4},"_materials":[{"__uuid__":"ecpdLyjvZBwrvm+cedCcQy"}],"_spriteFrame":{"__uuid__":"fcE0ujdbhAd71pQstCURm4"},"_type":1,"_sizeMode":0}],"_prefab":{"__type__":"cc.PrefabInfo","root":{"__id__":1},"asset":{"__uuid__":"48Y/KC3PZJr49AzxHucan4"},"fileId":"78FNxjbZJBYKzgYtozgssK"},"_contentSize":{"__type__":"cc.Size","width":1003,"height":1193},"_trs":{"__type__":"TypedArray","ctor":"Float64Array","array":[0,0,0,0,0,0,1,1,1,1]}},{"__type__":"cc.Node","_name":"closeButton","_parent":{"__id__":3},"_components":[{"__type__":"cc.Sprite","node":{"__id__":5},"_materials":[{"__uuid__":"ecpdLyjvZBwrvm+cedCcQy"}],"_spriteFrame":{"__uuid__":"95gnORXsJNDZJYVZOBGszH"}},{"__type__":"cc.Button","node":{"__id__":5},"_normalMaterial":{"__uuid__":"ecpdLyjvZBwrvm+cedCcQy"},"_N$transition":3,"transition":3,"_N$target":{"__id__":5}}],"_prefab":{"__type__":"cc.PrefabInfo","root":{"__id__":1},"asset":{"__uuid__":"48Y/KC3PZJr49AzxHucan4"},"fileId":"2fE7o7uGdJLql02dcINMeb"},"_contentSize":{"__type__":"cc.Size","width":55,"height":54},"_trs":{"__type__":"TypedArray","ctor":"Float64Array","array":[488.829,581.939,0,0,0,0,1,1,1,1]}},{"__type__":"cc.Node","_name":"seperateLine","_parent":{"__id__":3},"_components":[{"__type__":"cc.Sprite","node":{"__id__":6},"_materials":[{"__uuid__":"ecpdLyjvZBwrvm+cedCcQy"}],"_spriteFrame":{"__uuid__":"a2MjXRFdtLlYQ5ouAFv/+R"},"_sizeMode":0}],"_prefab":{"__type__":"cc.PrefabInfo","root":{"__id__":1},"asset":{"__uuid__":"48Y/KC3PZJr49AzxHucan4"},"fileId":"38j4fL1c5LPpTZ+RJH5nCG"},"_color":{"__type__":"cc.Color","r":102,"g":102,"b":102},"_contentSize":{"__type__":"cc.Size","width":3,"height":1116},"_trs":{"__type__":"TypedArray","ctor":"Float64Array","array":[246.646,8.809,0,0,0,0,1,1,1,1]}},{"__type__":"cc.Node","_name":"tagSection","_parent":{"__id__":3},"_prefab":{"__type__":"cc.PrefabInfo","root":{"__id__":1},"asset":{"__uuid__":"48Y/KC3PZJr49AzxHucan4"},"fileId":"35Le46Qg5ETY9mzD/bgR7w"},"_anchorPoint":{"__type__":"cc.Vec2","x":0.5,"y":1},"_trs":{"__type__":"TypedArray","ctor":"Float64Array","array":[371.035,527.233,0,0,0,0,1,1,1,1]}},{"__type__":"cc.Node","_name":"mailSection","_parent":{"__id__":3},"_children":[{"__id__":9},{"__id__":12}],"_prefab":{"__type__":"cc.PrefabInfo","root":{"__id__":1},"asset":{"__uuid__":"48Y/KC3PZJr49AzxHucan4"},"fileId":"262CXkeN5MPJDRfoN79q6o"},"_trs":{"__type__":"TypedArray","ctor":"Float64Array","array":[-125.788,373.356,0,0,0,0,1,1,1,1]}},{"__type__":"cc.Node","_name":"scrollContainer","_parent":{"__id__":8},"_children":[{"__id__":10}],"_components":[{"__type__":"cc.Sprite","node":{"__id__":9},"_enabled":false,"_materials":[{"__uuid__":"ecpdLyjvZBwrvm+cedCcQy"}],"_spriteFrame":{"__uuid__":"9bvaMerUlDyary99mJa6xp"},"_type":1,"_sizeMode":0},{"__type__":"cc.ScrollView","node":{"__id__":9},"horizontal":false,"brake":0.75,"bounceDuration":0.23,"_N$content":{"__id__":11},"content":{"__id__":11},"_N$horizontalScrollBar":null,"_N$verticalScrollBar":null}],"_prefab":{"__type__":"cc.PrefabInfo","root":{"__id__":1},"asset":{"__uuid__":"48Y/KC3PZJr49AzxHucan4"},"fileId":"2cWAFFKEFIhZJGH6Z6iClP"},"_contentSize":{"__type__":"cc.Size","width":685,"height":900},"_anchorPoint":{"__type__":"cc.Vec2","x":0.5,"y":1},"_trs":{"__type__":"TypedArray","ctor":"Float64Array","array":[0,0,0,0,0,0,1,1,1,1]}},{"__type__":"cc.Node","_name":"view","_parent":{"__id__":9},"_children":[{"__id__":11}],"_components":[{"__type__":"cc.Mask","node":{"__id__":10},"_materials":[{"__uuid__":"ecpdLyjvZBwrvm+cedCcQy"}],"_N$alphaThreshold":0}],"_prefab":{"__type__":"cc.PrefabInfo","root":{"__id__":1},"asset":{"__uuid__":"48Y/KC3PZJr49AzxHucan4"},"fileId":"63INk1uhRNyZ3JMk9ccK2Y"},"_contentSize":{"__type__":"cc.Size","width":685,"height":900},"_anchorPoint":{"__type__":"cc.Vec2","x":0.5,"y":1},"_trs":{"__type__":"TypedArray","ctor":"Float64Array","array":[0,0,0,0,0,0,1,1,1,1]}},{"__type__":"cc.Node","_name":"content","_parent":{"__id__":10},"_prefab":{"__type__":"cc.PrefabInfo","root":{"__id__":1},"asset":{"__uuid__":"48Y/KC3PZJr49AzxHucan4"},"fileId":"9ecFogVJhNb4ytuKwAnoke"},"_contentSize":{"__type__":"cc.Size","width":685,"height":900},"_anchorPoint":{"__type__":"cc.Vec2","x":0.5,"y":1},"_trs":{"__type__":"TypedArray","ctor":"Float64Array","array":[0,0,0,0,0,0,1,1,1,1]}},{"__type__":"cc.Node","_name":"emptyLabel","_parent":{"__id__":8},"_active":false,"_components":[{"__type__":"cc.Label","node":{"__id__":12},"_materials":[{"__uuid__":"ecpdLyjvZBwrvm+cedCcQy"}],"_useOriginalSize":false,"_string":"啊哦~ 还没有任何邮件 -.-","_N$string":"啊哦~ 还没有任何邮件 -.-","_N$horizontalAlign":1,"_N$verticalAlign":1}],"_prefab":{"__type__":"cc.PrefabInfo","root":{"__id__":1},"asset":{"__uuid__":"48Y/KC3PZJr49AzxHucan4"},"fileId":"baD8fG6klNvK45Crabnmlz"},"_color":{"__type__":"cc.Color","r":102,"g":102,"b":102},"_contentSize":{"__type__":"cc.Size","width":443.34,"height":50.4},"_trs":{"__type__":"TypedArray","ctor":"Float64Array","array":[0,-399.308,0,0,0,0,1,1,1,1]}},{"__type__":"cc.Node","_name":"notiSection","_parent":{"__id__":3},"_children":[{"__id__":14},{"__id__":15}],"_prefab":{"__type__":"cc.PrefabInfo","root":{"__id__":1},"asset":{"__uuid__":"48Y/KC3PZJr49AzxHucan4"},"fileId":"b31S3XBlNGyL5p6hh/hI/t"},"_trs":{"__type__":"TypedArray","ctor":"Float64Array","array":[-202.497,547.554,0,0,0,0,1,1,1,1]}},{"__type__":"cc.Node","_name":"notiLabel","_parent":{"__id__":13},"_components":[{"__type__":"cc.Label","node":{"__id__":14},"_materials":[{"__uuid__":"ecpdLyjvZBwrvm+cedCcQy"}],"_useOriginalSize":false,"_string":"达到3 - 10 ，会有新的邮件哦~ 加油吧少年！","_N$string":"达到3 - 10 ，会有新的邮件哦~ 加油吧少年！","_lineHeight":60,"_N$overflow":3}],"_prefab":{"__type__":"cc.PrefabInfo","root":{"__id__":1},"asset":{"__uuid__":"48Y/KC3PZJr49AzxHucan4"},"fileId":"4c9s/cuFtEfZnCT3D8vDK1"},"_color":{"__type__":"cc.Color","r":102,"g":102,"b":102},"_contentSize":{"__type__":"cc.Size","width":645,"height":135.6},"_anchorPoint":{"__type__":"cc.Vec2","x":0.5,"y":1},"_trs":{"__type__":"TypedArray","ctor":"Float64Array","array":[69.836,0,0,0,0,0,1,1,1,1]}},{"__type__":"cc.Node","_name":"serperateLine","_parent":{"__id__":13},"_components":[{"__type__":"cc.Sprite","node":{"__id__":15},"_materials":[{"__uuid__":"ecpdLyjvZBwrvm+cedCcQy"}],"_spriteFrame":{"__uuid__":"a2MjXRFdtLlYQ5ouAFv/+R"},"_sizeMode":0}],"_prefab":{"__type__":"cc.PrefabInfo","root":{"__id__":1},"asset":{"__uuid__":"48Y/KC3PZJr49AzxHucan4"},"fileId":"16EZK4XThERqvHI7CaEecd"},"_color":{"__type__":"cc.Color","r":102,"g":102,"b":102},"_contentSize":{"__type__":"cc.Size","width":664,"height":1},"_anchorPoint":{"__type__":"cc.Vec2","x":0.5,"y":1},"_trs":{"__type__":"TypedArray","ctor":"Float64Array","array":[68.994,-143.903,0,0,0,0,1,1,1,1]}}],{"__type__":"cc.SpriteFrame","content":{"name":"btn_bg_gray","texture":"939HEG2o5MELKDWlROqFek","rect":[0,0,64,64],"offset":[0,0],"originalSize":[64,64],"capInsets":[8,8,8,8]}},[{"__type__":"cc.Prefab","_name":"selectedTagEffect","data":{"__id__":1}},{"__type__":"cc.Node","_name":"selectedTagEffect","_components":[{"__type__":"cc.Sprite","node":{"__id__":1},"_materials":[{"__uuid__":"ecpdLyjvZBwrvm+cedCcQy"}],"_spriteFrame":{"__uuid__":"a2MjXRFdtLlYQ5ouAFv/+R"},"_sizeMode":0}],"_prefab":{"__type__":"cc.PrefabInfo","root":{"__id__":1},"asset":{"__id__":0},"fileId":"8f40fljhlCe5QvzyO9z+oK"},"_color":{"__type__":"cc.Color","r":254,"g":235,"b":180},"_contentSize":{"__type__":"cc.Size","width":187,"height":81},"_trs":{"__type__":"TypedArray","ctor":"Float64Array","array":[0,-86.345,0,0,0,0,1,1,1,1]}}],{"__type__":"cc.SpriteFrame","content":{"name":"close","texture":"f9pegOetBJ5rSlzJ2ng1Yu","rect":[0,0,55,54],"offset":[0,0],"originalSize":[55,54],"capInsets":[0,0,0,0]}},{"__type__":"cc.SpriteFrame","content":{"name":"default_panel","texture":"d8HsitJHxOYqo801xBk8ev","rect":[0,0,20,20],"offset":[0,0],"originalSize":[20,20],"capInsets":[6,6,6,6]}},{"__type__":"cc.SpriteFrame","content":{"name":"default_sprite_splash","texture":"02delMVqdBD70a/HSD99FK","rect":[0,0,2,2],"offset":[0,0],"originalSize":[2,2],"capInsets":[0,0,0,0]}},[{"__type__":"cc.Prefab","_name":"mailSectionNode","data":{"__id__":1}},{"__type__":"cc.Node","_name":"mailSectionNode","_children":[{"__id__":2},{"__id__":3},{"__id__":4},{"__id__":5}],"_components":[{"__type__":"cc.Button","node":{"__id__":1},"_N$target":{"__id__":1}}],"_prefab":{"__type__":"cc.PrefabInfo","root":{"__id__":1},"asset":{"__uuid__":"aaNfyQVwVHFKi80Pp9wiyW"},"fileId":"d42GVfOR1D17WxEUyQuDER"},"_anchorPoint":{"__type__":"cc.Vec2","x":0.5,"y":1},"_trs":{"__type__":"TypedArray","ctor":"Float64Array","array":[0,0,0,0,0,0,1,1,1,1]}},{"__type__":"cc.Node","_name":"icon_unread","_parent":{"__id__":1},"_components":[{"__type__":"cc.Sprite","node":{"__id__":2},"_materials":[{"__uuid__":"ecpdLyjvZBwrvm+cedCcQy"}],"_spriteFrame":{"__uuid__":"241TU/v59Nr4CGVsP9UH7F"}}],"_prefab":{"__type__":"cc.PrefabInfo","root":{"__id__":1},"asset":{"__uuid__":"aaNfyQVwVHFKi80Pp9wiyW"},"fileId":"26Jk76XEJOh7n7xQ9aW+dU"},"_contentSize":{"__type__":"cc.Size","width":60,"height":46},"_anchorPoint":{"__type__":"cc.Vec2","x":0.5,"y":1},"_trs":{"__type__":"TypedArray","ctor":"Float64Array","array":[-297.367,0,0,0,0,0,1,1,1,1]}},{"__type__":"cc.Node","_name":"icon_readed","_parent":{"__id__":1},"_active":false,"_components":[{"__type__":"cc.Sprite","node":{"__id__":3},"_materials":[{"__uuid__":"ecpdLyjvZBwrvm+cedCcQy"}],"_spriteFrame":{"__uuid__":"25FLtqgwNNB4WAv5auNeTp"}}],"_prefab":{"__type__":"cc.PrefabInfo","root":{"__id__":1},"asset":{"__uuid__":"aaNfyQVwVHFKi80Pp9wiyW"},"fileId":"0dK8mYc15ChJmn5hRsNJqe"},"_contentSize":{"__type__":"cc.Size","width":60,"height":52},"_anchorPoint":{"__type__":"cc.Vec2","x":0.5,"y":1},"_trs":{"__type__":"TypedArray","ctor":"Float64Array","array":[-297.367,0,0,0,0,0,1,1,1,1]}},{"__type__":"cc.Node","_name":"titleLabel","_parent":{"__id__":1},"_components":[{"__type__":"cc.Label","node":{"__id__":4},"_materials":[{"__uuid__":"ecpdLyjvZBwrvm+cedCcQy"}],"_useOriginalSize":false,"_string":"明天","_N$string":"明天","_lineHeight":60,"_N$fontFamily":"Microsoft Sans Serif","_N$overflow":3}],"_prefab":{"__type__":"cc.PrefabInfo","root":{"__id__":1},"asset":{"__uuid__":"aaNfyQVwVHFKi80Pp9wiyW"},"fileId":"61WDEiP7hFnblW10fys1zl"},"_color":{"__type__":"cc.Color","r":19,"g":18,"b":18},"_contentSize":{"__type__":"cc.Size","width":517,"height":75.6},"_anchorPoint":{"__type__":"cc.Vec2","x":0.5,"y":1},"_trs":{"__type__":"TypedArray","ctor":"Float64Array","array":[32.602,0,0,0,0,0,1,1,1,1]}},{"__type__":"cc.Node","_name":"seperateLine","_parent":{"__id__":1},"_components":[{"__type__":"cc.Sprite","node":{"__id__":5},"_materials":[{"__uuid__":"ecpdLyjvZBwrvm+cedCcQy"}],"_spriteFrame":{"__uuid__":"a2MjXRFdtLlYQ5ouAFv/+R"},"_sizeMode":0}],"_prefab":{"__type__":"cc.PrefabInfo","root":{"__id__":1},"asset":{"__uuid__":"aaNfyQVwVHFKi80Pp9wiyW"},"fileId":"f5heBBWkBPfa3ueESD6i0z"},"_opacity":141,"_color":{"__type__":"cc.Color","r":102,"g":102,"b":102},"_contentSize":{"__type__":"cc.Size","width":537,"height":1},"_anchorPoint":{"__type__":"cc.Vec2","x":0.5},"_trs":{"__type__":"TypedArray","ctor":"Float64Array","array":[13.268,-75.6,0,0,0,0,1,1,1,1]}}],[{"__type__":"cc.Prefab","_name":"mailTagNode","data":{"__id__":1}},{"__type__":"cc.Node","_name":"mailTagNode","_components":[{"__type__":"cc.Label","node":{"__id__":1},"_materials":[{"__uuid__":"ecpdLyjvZBwrvm+cedCcQy"}],"_useOriginalSize":false,"_string":"一","_N$string":"一","_lineHeight":60,"_N$horizontalAlign":1,"_N$verticalAlign":1},{"__type__":"cc.Button","node":{"__id__":1},"_N$transition":3,"transition":3,"_N$target":{"__id__":1}},{"__type__":"f34142gIJJJ4YCZvHxJkXfT","node":{"__id__":1},"redPointPrefab":{"__uuid__":"edEgT55g5K0J53Lip+agKe"}}],"_prefab":{"__type__":"cc.PrefabInfo","root":{"__id__":1},"asset":{"__uuid__":"e6Q7cptOtMrY9rDu6ZCKOF"},"fileId":"88lCKeBqtFrL3zLMwiL7ZE"},"_color":{"__type__":"cc.Color","r":102,"g":102,"b":102},"_contentSize":{"__type__":"cc.Size","width":40,"height":75.6},"_trs":{"__type__":"TypedArray","ctor":"Float64Array","array":[0,-86.345,0,0,0,0,1,1,1,1]}}],{"__type__":"cc.SpriteFrame","content":{"name":"btn_bg","texture":"40Zx5s63JDGYz990vPahnB","rect":[0,0,64,64],"offset":[0,0],"originalSize":[64,64],"capInsets":[8,8,8,8]}},{"__type__":"cc.SpriteFrame","content":{"name":"welfaryBg","texture":"c35/LkAWRKHrlQJM+F/pN/","rect":[0,0,921,457],"offset":[0,0],"originalSize":[921,457],"capInsets":[39,39,36,48]}}]