[{"__type__":"cc.SpriteFrame","content":{"name":"redPoint","texture":"45gmKGt6hELrFno6QSS2gd","rect":[0,0,12,12],"offset":[0,0],"originalSize":[12,12],"capInsets":[0,0,0,0]}},[{"__type__":"cc.Prefab","_name":"redPoint","data":{"__id__":1}},{"__type__":"cc.Node","_name":"redPoint","_components":[{"__type__":"cc.Sprite","node":{"__id__":1},"_materials":[{"__uuid__":"ecpdLyjvZBwrvm+cedCcQy"}],"_spriteFrame":{"__uuid__":"28Ty39R9JBqZ2sli94/NiG"},"_sizeMode":0}],"_prefab":{"__type__":"cc.PrefabInfo","root":{"__id__":1},"asset":{"__uuid__":"edEgT55g5K0J53Lip+agKe"},"fileId":"a3Mem8wKVBKIlkfysxv9uj"},"_contentSize":{"__type__":"cc.Size","width":18,"height":18},"_anchorPoint":{"__type__":"cc.Vec2","x":1,"y":1},"_trs":{"__type__":"TypedArray","ctor":"Float64Array","array":[0,0,0,0,0,0,1,1,1,1]}}]]