[{"__type__":"cc.SpriteFrame","content":{"name":"infoBg","texture":"922rL14yxHIINDlG4suM9q","rect":[0,0,1003,86],"offset":[0,0],"originalSize":[1003,86],"capInsets":[0,0,0,0]}},{"__type__":"cc.SpriteFrame","content":{"name":"retry","texture":"34wRgMac9JroDSL4ntN5T8","rect":[0,0,77,91],"offset":[0,0],"originalSize":[77,91],"capInsets":[0,0,0,0]}},[{"__type__":"cc.SceneAsset","_name":"loginScene","scene":{"__id__":1},"asyncLoadAssets":null},{"__type__":"cc.Scene","_name":"New Node","_children":[{"__id__":2}],"_anchorPoint":{"__type__":"cc.Vec2"},"_trs":{"__type__":"TypedArray","ctor":"Float64Array","array":[0,0,0,0,0,0,1,1,1,1]},"autoReleaseAssets":false},{"__type__":"cc.Node","_name":"Canvas","_parent":{"__id__":1},"_children":[{"__id__":3},{"__id__":4},{"__id__":5},{"__id__":6},{"__id__":8}],"_components":[{"__type__":"cc.Canvas","node":{"__id__":2},"_designResolution":{"__type__":"cc.Size","width":1080,"height":1920}},{"__type__":"81fbcyHVFlDhqJvCbUik6hX","node":{"__id__":2}}],"_contentSize":{"__type__":"cc.Size","width":1080,"height":1920},"_trs":{"__type__":"TypedArray","ctor":"Float64Array","array":[540,960,0,0,0,0,1,1,1,1]},"_id":"0devbKyoFEnYdwb1UZPUh1"},{"__type__":"cc.Node","_name":"Main Camera","_parent":{"__id__":2},"_components":[{"__type__":"cc.Camera","node":{"__id__":3},"_clearFlags":7,"_backgroundColor":{"__type__":"cc.Color","r":252,"g":247,"b":231},"_depth":-1}],"_trs":{"__type__":"TypedArray","ctor":"Float64Array","array":[0,0,318.69734859267345,0,0,0,1,1,1,1]}},{"__type__":"cc.Node","_name":"name","_parent":{"__id__":2},"_components":[{"__type__":"cc.Sprite","node":{"__id__":4},"_materials":[{"__uuid__":"ecpdLyjvZBwrvm+cedCcQy"}],"_spriteFrame":{"__uuid__":"db3WBM0U9POa9FQs/0vDgY"}}],"_contentSize":{"__type__":"cc.Size","width":795,"height":360},"_trs":{"__type__":"TypedArray","ctor":"Float64Array","array":[-7,-83.134,0,0,0,0,1,1,1,1]}},{"__type__":"cc.Node","_name":"bullet","_parent":{"__id__":2},"_components":[{"__type__":"cc.Sprite","node":{"__id__":5},"_materials":[{"__uuid__":"ecpdLyjvZBwrvm+cedCcQy"}],"_spriteFrame":{"__uuid__":"50o8Wt2fBKOqGEKgOXDDYU"},"_sizeMode":0}],"_contentSize":{"__type__":"cc.Size","width":150,"height":150},"_trs":{"__type__":"TypedArray","ctor":"Float64Array","array":[16.526,390,0,0,0,0,1,1,1,1]}},{"__type__":"cc.Node","_name":"loginInfo","_parent":{"__id__":2},"_children":[{"__id__":7}],"_components":[{"__type__":"cc.Sprite","node":{"__id__":6},"_materials":[{"__uuid__":"ecpdLyjvZBwrvm+cedCcQy"}],"_spriteFrame":{"__uuid__":"13ZbH/xu9P0obBlvQDKrhY"}}],"_prefab":{"__type__":"cc.PrefabInfo","root":{"__id__":6},"asset":{"__uuid__":"5bt4M93CRPYpuysCUOb5+O"},"fileId":"542bGo03ZDH7K6t7sdCcvB"},"_contentSize":{"__type__":"cc.Size","width":1003,"height":86},"_trs":{"__type__":"TypedArray","ctor":"Float64Array","array":[16.34,-634,0,0,0,0,1,1,1,1]}},{"__type__":"cc.Node","_name":"textNode","_parent":{"__id__":6},"_components":[{"__type__":"cc.Label","node":{"__id__":7},"_materials":[{"__uuid__":"ecpdLyjvZBwrvm+cedCcQy"}],"_useOriginalSize":false,"_string":"登陆中, 请稍候","_N$string":"登陆中, 请稍候","_N$horizontalAlign":1,"_N$verticalAlign":1}],"_contentSize":{"__type__":"cc.Size","width":262.23,"height":50.4},"_trs":{"__type__":"TypedArray","ctor":"Float64Array","array":[0,0,0,0,0,0,1,1,1,1]}},{"__type__":"cc.Node","_name":"retry","_parent":{"__id__":2},"_active":false,"_components":[{"__type__":"cc.Sprite","node":{"__id__":8},"_materials":[{"__uuid__":"ecpdLyjvZBwrvm+cedCcQy"}],"_spriteFrame":{"__uuid__":"15CGueCkVPkruD69CYt+Md"}}],"_contentSize":{"__type__":"cc.Size","width":77,"height":91},"_trs":{"__type__":"TypedArray","ctor":"Float64Array","array":[-2.287,-514,0,0,0,0,1,1,1,1]}}],{"__type__":"cc.SpriteFrame","content":{"name":"bullet_normal","texture":"89J9FotLVLfKUPXBomx5Xz","rect":[0,0,100,100],"offset":[0,0],"originalSize":[100,100],"capInsets":[5,5,5,5]}},[{"__type__":"cc.Prefab","_name":"loginInfo","data":{"__id__":1}},{"__type__":"cc.Node","_name":"loginInfo","_children":[{"__id__":2}],"_components":[{"__type__":"cc.Sprite","node":{"__id__":1},"_materials":[{"__uuid__":"ecpdLyjvZBwrvm+cedCcQy"}],"_spriteFrame":{"__uuid__":"13ZbH/xu9P0obBlvQDKrhY"}}],"_prefab":{"__type__":"cc.PrefabInfo","root":{"__id__":1},"asset":{"__id__":0},"fileId":"542bGo03ZDH7K6t7sdCcvB"},"_contentSize":{"__type__":"cc.Size","width":1003,"height":86},"_trs":{"__type__":"TypedArray","ctor":"Float64Array","array":[556.34,326,0,0,0,0,1,1,1,1]}},{"__type__":"cc.Node","_name":"textNode","_parent":{"__id__":1},"_components":[{"__type__":"cc.Label","node":{"__id__":2},"_materials":[{"__uuid__":"ecpdLyjvZBwrvm+cedCcQy"}],"_useOriginalSize":false,"_string":"登陆中","_N$string":"登陆中","_N$horizontalAlign":1,"_N$verticalAlign":1}],"_prefab":{"__type__":"cc.PrefabInfo","root":{"__id__":1},"asset":{"__id__":0},"fileId":"68yNlOLa1EZqXcZx9VcqYJ"},"_contentSize":{"__type__":"cc.Size","width":120,"height":50.4},"_trs":{"__type__":"TypedArray","ctor":"Float64Array","array":[0,0,0,0,0,0,1,1,1,1]}}],{"__type__":"cc.SpriteFrame","content":{"name":"name","texture":"0ebjncDFBBcLR7u2g9l4Jr","rect":[0,0,795,360],"offset":[0,0],"originalSize":[795,360],"capInsets":[0,0,0,0]}}]