[[{"__type__":"cc.Prefab","_name":"pathWay","data":{"__id__":1}},{"__type__":"cc.Node","_name":"pathWay","_components":[{"__type__":"cc.Sprite","node":{"__id__":1},"_materials":[{"__uuid__":"ecpdLyjvZBwrvm+cedCcQy"}],"_spriteFrame":{"__uuid__":"a2MjXRFdtLlYQ5ouAFv/+R"},"_sizeMode":0}],"_prefab":{"__type__":"cc.PrefabInfo","root":{"__id__":1},"asset":{"__uuid__":"83UY7SFB5GmKLDvSFAyZzY"},"fileId":"554B3fyvRHQKwmsiFUXVIy"},"_contentSize":{"__type__":"cc.Size","width":105,"height":10},"_trs":{"__type__":"TypedArray","ctor":"Float64Array","array":[-115.254,125.37,0,0,0,0.7071067811865475,0.7071067811865476,1,1,1]},"_eulerAngles":{"__type__":"cc.Vec3","z":90}}],{"__type__":"cc.SpriteFrame","content":{"name":"default_sprite_splash","texture":"02delMVqdBD70a/HSD99FK","rect":[0,0,2,2],"offset":[0,0],"originalSize":[2,2],"capInsets":[0,0,0,0]}}]