[{"__type__":"cc.SpriteFrame","content":{"name":"infoBg","texture":"922rL14yxHIINDlG4suM9q","rect":[0,0,1003,86],"offset":[0,0],"originalSize":[1003,86],"capInsets":[0,0,0,0]}},[{"__type__":"cc.Prefab","_name":"notiNode","data":{"__id__":1}},{"__type__":"cc.Node","_name":"notiNode","_children":[{"__id__":2},{"__id__":3}],"_prefab":{"__type__":"cc.PrefabInfo","root":{"__id__":1},"asset":{"__uuid__":"8bCsIkPtFISZ1gxfBmPo4l"},"fileId":"2ex89pPD9CGLTCZCot8JB2"},"_trs":{"__type__":"TypedArray","ctor":"Float64Array","array":[0,0,0,0,0,0,1,1,1,1]}},{"__type__":"cc.Node","_name":"infoBg","_parent":{"__id__":1},"_components":[{"__type__":"cc.Sprite","node":{"__id__":2},"_materials":[{"__uuid__":"ecpdLyjvZBwrvm+cedCcQy"}],"_spriteFrame":{"__uuid__":"13ZbH/xu9P0obBlvQDKrhY"}}],"_prefab":{"__type__":"cc.PrefabInfo","root":{"__id__":1},"asset":{"__uuid__":"8bCsIkPtFISZ1gxfBmPo4l"},"fileId":"84jVJyXgdEar/cUKOnEYrn"},"_contentSize":{"__type__":"cc.Size","width":1003,"height":86},"_trs":{"__type__":"TypedArray","ctor":"Float64Array","array":[0,0,0,0,0,0,1,1,1,1]}},{"__type__":"cc.Node","_name":"label","_parent":{"__id__":1},"_components":[{"__type__":"cc.Label","node":{"__id__":3},"_materials":[{"__uuid__":"ecpdLyjvZBwrvm+cedCcQy"}],"_useOriginalSize":false,"_string":"default noti string","_N$string":"default noti string","_N$horizontalAlign":1,"_N$verticalAlign":1}],"_prefab":{"__type__":"cc.PrefabInfo","root":{"__id__":1},"asset":{"__uuid__":"8bCsIkPtFISZ1gxfBmPo4l"},"fileId":"794kOeuJZL+b6dCVlVajGx"},"_contentSize":{"__type__":"cc.Size","width":304.63,"height":50.4},"_trs":{"__type__":"TypedArray","ctor":"Float64Array","array":[0,0,0,0,0,0,1,1,1,1]}}]]